release_date,platform_split,count
2000-03-16,ruby,1
2003-08-28,ruby,1
2004-01-01,ruby,1
2004-01-02,ruby,1
2004-01-06,ruby,1
2004-01-08,ruby,1
2004-01-11,ruby,1
2004-08-18,ruby,4
2004-09-15,ruby,2
2004-09-17,ruby,3
2004-09-19,ruby,1
2004-09-19,x86mswin32,1
2004-09-20,ruby,3
2004-09-23,ruby,1
2004-09-24,ruby,1
2004-09-25,ruby,1
2004-09-26,ruby,1
2004-09-27,ruby,3
2004-09-29,ruby,1
2004-09-29,x86mswin32,1
2004-09-30,ruby,3
2004-10-01,ruby,4
2004-10-02,ruby,2
2004-10-04,ruby,1
2004-10-06,ruby,1
2004-10-07,ruby,3
2004-10-08,ruby,2
2004-10-10,ruby,1
2004-10-11,ruby,1
2004-10-13,ruby,1
2004-10-14,ruby,1
2004-10-16,ruby,2
2004-10-18,ruby,1
2004-10-19,ruby,1
2004-10-20,ruby,3
2004-10-21,ruby,4
2004-10-22,ruby,3
2004-10-23,ruby,3
2004-10-24,ruby,2
2004-10-25,ruby,10
2004-10-26,ruby,1
2004-10-27,ruby,6
2004-10-27,x86mswin32,1
2004-10-28,ruby,2
2004-10-29,ruby,3
2004-10-30,ruby,3
2004-10-31,ruby,1
2004-11-01,ruby,5
2004-11-02,ruby,2
2004-11-03,ruby,2
2004-11-04,ruby,5
2004-11-04,x86mswin32,1
2004-11-05,ruby,3
2004-11-08,ruby,1
2004-11-09,ruby,1
2004-11-10,ruby,1
2004-11-11,ruby,3
2004-11-12,ruby,2
2004-11-15,ruby,5
2004-11-15,x86mswin32,1
2004-11-17,ruby,2
2004-11-18,ruby,10
2004-11-19,ruby,3
2004-11-20,ruby,2
2004-11-22,ruby,1
2004-11-23,ruby,6
2004-11-24,ruby,1
2004-11-25,ruby,3
2004-11-27,ruby,1
2004-11-28,ruby,2
2004-11-29,ruby,2
2004-12-01,ruby,4
2004-12-02,ruby,2
2004-12-03,ruby,1
2004-12-04,ruby,1
2004-12-07,ruby,3
2004-12-09,ruby,2
2004-12-10,ruby,3
2004-12-11,ruby,1
2004-12-12,ruby,2
2004-12-13,ruby,1
2004-12-16,ruby,4
2004-12-17,ruby,2
2004-12-19,ruby,1
2004-12-20,ruby,7
2004-12-21,ruby,3
2004-12-22,ruby,3
2004-12-23,ruby,3
2004-12-26,ruby,1
2004-12-27,ruby,2
2004-12-28,ruby,1
2004-12-29,ruby,2
2004-12-30,ruby,2
2005-01-01,ruby,4
2005-01-02,ruby,2
2005-01-03,ruby,1
2005-01-04,ruby,6
2005-01-05,ruby,1
2005-01-05,x86mswin32,1
2005-01-06,ruby,2
2005-01-07,ruby,2
2005-01-08,ruby,1
2005-01-09,ruby,2
2005-01-10,ruby,1
2005-01-11,ruby,5
2005-01-12,ruby,4
2005-01-13,ruby,5
2005-01-14,ruby,3
2005-01-15,ruby,1
2005-01-16,ruby,3
2005-01-17,ruby,7
2005-01-18,ruby,9
2005-01-18,x86mswin32,1
2005-01-19,ruby,4
2005-01-20,ruby,3
2005-01-21,ruby,2
2005-01-22,ruby,2
2005-01-23,ruby,2
2005-01-24,ruby,2
2005-01-25,ruby,5
2005-01-26,ruby,3
2005-01-27,ruby,6
2005-01-28,ruby,1
2005-01-30,ruby,2
2005-01-30,x86mswin32,1
2005-01-31,ruby,2
2005-02-01,ruby,4
2005-02-02,ruby,2
2005-02-03,ruby,1
2005-02-04,ruby,5
2005-02-05,ruby,1
2005-02-05,x86mswin32,1
2005-02-06,ruby,4
2005-02-06,x86mswin32,1
2005-02-07,ruby,2
2005-02-08,ruby,12
2005-02-09,ruby,5
2005-02-10,ruby,2
2005-02-11,ruby,3
2005-02-12,ruby,5
2005-02-13,ruby,7
2005-02-14,ruby,2
2005-02-15,ruby,7
2005-02-15,x86mswin32,1
2005-02-16,ruby,8
2005-02-17,ruby,6
2005-02-18,ruby,1
2005-02-19,ruby,1
2005-02-20,ruby,6
2005-02-21,ruby,3
2005-02-22,ruby,1
2005-02-23,ruby,4
2005-02-24,ruby,7
2005-02-26,ruby,4
2005-02-27,ruby,5
2005-02-28,ruby,5
2005-03-01,ruby,5
2005-03-02,ruby,1
2005-03-03,ruby,1
2005-03-04,ruby,2
2005-03-05,ruby,1
2005-03-06,ruby,5
2005-03-07,ruby,13
2005-03-08,ruby,1
2005-03-09,ruby,8
2005-03-10,ruby,6
2005-03-11,ruby,2
2005-03-12,ruby,3
2005-03-13,ruby,1
2005-03-14,ruby,3
2005-03-15,powerpcdarwin,1
2005-03-15,ruby,1
2005-03-15,x86mswin32,1
2005-03-16,ruby,2
2005-03-17,ruby,8
2005-03-18,ruby,1
2005-03-19,ruby,3
2005-03-20,powerpcdarwin,1
2005-03-20,ruby,1
2005-03-20,x86mswin32,1
2005-03-21,ruby,5
2005-03-22,ruby,7
2005-03-23,ruby,4
2005-03-25,ruby,7
2005-03-26,ruby,6
2005-03-27,ruby,8
2005-03-28,ruby,4
2005-03-29,ruby,1
2005-03-30,powerpcdarwin,1
2005-03-30,ruby,3
2005-03-30,x86mswin32,1
2005-04-01,ruby,2
2005-04-02,ruby,3
2005-04-03,ruby,2
2005-04-04,ruby,6
2005-04-05,ruby,5
2005-04-06,ruby,1
2005-04-07,ruby,2
2005-04-08,ruby,3
2005-04-09,ruby,7
2005-04-10,ruby,5
2005-04-11,ruby,6
2005-04-12,powerpcdarwin,1
2005-04-12,ruby,2
2005-04-12,x86linux,1
2005-04-12,x86mswin32,1
2005-04-13,ruby,5
2005-04-14,ruby,1
2005-04-15,ruby,5
2005-04-16,ruby,7
2005-04-17,ruby,5
2005-04-18,ruby,6
2005-04-19,ruby,20
2005-04-20,ruby,8
2005-04-21,ruby,3
2005-04-22,ruby,1
2005-04-24,ruby,4
2005-04-25,ruby,1
2005-04-26,ruby,2
2005-04-27,ruby,2
2005-04-28,ruby,1
2005-04-29,ruby,3
2005-04-30,ruby,3
2005-05-01,ruby,6
2005-05-02,ruby,3
2005-05-03,ruby,1
2005-05-04,ruby,3
2005-05-05,ruby,3
2005-05-06,ruby,2
2005-05-07,ruby,1
2005-05-08,ruby,3
2005-05-09,ruby,2
2005-05-10,ruby,2
2005-05-11,ruby,5
2005-05-12,ruby,2
2005-05-13,ruby,1
2005-05-15,ruby,5
2005-05-16,ruby,4
2005-05-18,powerpcdarwin,1
2005-05-18,x86mswin32,1
2005-05-19,ruby,4
2005-05-20,ruby,2
2005-05-21,ruby,3
2005-05-22,ruby,3
2005-05-23,ruby,1
2005-05-23,x86linux,1
2005-05-24,ruby,3
2005-05-25,ruby,1
2005-05-26,ruby,1
2005-05-28,ruby,2
2005-05-29,ruby,1
2005-05-30,ruby,1
2005-05-31,ruby,1
2005-06-01,ruby,8
2005-06-02,ruby,3
2005-06-03,ruby,5
2005-06-04,ruby,5
2005-06-05,ruby,3
2005-06-06,ruby,1
2005-06-07,ruby,3
2005-06-07,x86linux,1
2005-06-07,x86mswin32,1
2005-06-08,powerpcdarwin,1
2005-06-08,ruby,5
2005-06-09,ruby,2
2005-06-10,ruby,2
2005-06-11,ruby,1
2005-06-11,x86mswin32,1
2005-06-12,ruby,7
2005-06-13,powerpcdarwin,1
2005-06-13,ruby,2
2005-06-13,x86linux,1
2005-06-14,ruby,4
2005-06-15,ruby,2
2005-06-16,ruby,5
2005-06-17,ruby,10
2005-06-17,x86mswin32,1
2005-06-18,ruby,3
2005-06-19,ruby,1
2005-06-20,ruby,4
2005-06-21,ruby,1
2005-06-22,ruby,1
2005-06-23,ruby,2
2005-06-24,ruby,4
2005-06-25,ruby,2
2005-06-26,ruby,2
2005-06-27,ruby,2
2005-06-28,ruby,1
2005-06-29,ruby,5
2005-07-01,ruby,4
2005-07-03,ruby,2
2005-07-04,ruby,2
2005-07-05,ruby,1
2005-07-06,ruby,6
2005-07-07,ruby,4
2005-07-10,ruby,2
2005-07-11,ruby,6
2005-07-12,ruby,4
2005-07-13,ruby,7
2005-07-14,ruby,3
2005-07-15,ruby,1
2005-07-17,ruby,6
2005-07-18,ruby,7
2005-07-20,ruby,2
2005-07-21,ruby,2
2005-07-22,ruby,2
2005-07-23,ruby,2
2005-07-24,ruby,4
2005-07-25,ruby,6
2005-07-26,ruby,3
2005-07-27,ruby,3
2005-07-28,ruby,3
2005-07-29,ruby,3
2005-07-30,ruby,4
2005-07-31,ruby,2
2005-08-01,ruby,7
2005-08-02,ruby,2
2005-08-03,ruby,2
2005-08-04,ruby,4
2005-08-05,ruby,3
2005-08-06,ruby,5
2005-08-07,ruby,2
2005-08-08,ruby,2
2005-08-09,ruby,5
2005-08-10,ruby,3
2005-08-11,ruby,6
2005-08-12,ruby,5
2005-08-13,ruby,6
2005-08-14,ruby,10
2005-08-15,ruby,2
2005-08-16,ruby,6
2005-08-17,ruby,5
2005-08-18,ruby,1
2005-08-19,ruby,3
2005-08-20,ruby,4
2005-08-21,ruby,2
2005-08-22,ruby,5
2005-08-23,ruby,2
2005-08-24,ruby,3
2005-08-25,ruby,4
2005-08-26,ruby,1
2005-08-27,ruby,1
2005-08-28,ruby,2
2005-08-29,ruby,4
2005-08-30,ruby,15
2005-08-31,ruby,1
2005-09-01,ruby,8
2005-09-02,ruby,7
2005-09-02,x86mswin32,1
2005-09-03,ruby,7
2005-09-05,ruby,6
2005-09-06,ruby,8
2005-09-07,ruby,2
2005-09-07,x86mswin32,1
2005-09-08,ruby,3
2005-09-09,ruby,6
2005-09-10,ruby,3
2005-09-11,ruby,7
2005-09-12,ruby,2
2005-09-13,ruby,5
2005-09-14,ruby,2
2005-09-15,ruby,8
2005-09-16,ruby,4
2005-09-17,ruby,3
2005-09-18,ruby,8
2005-09-19,ruby,2
2005-09-20,ruby,1
2005-09-21,ruby,3
2005-09-22,ruby,2
2005-09-23,ruby,3
2005-09-24,ruby,4
2005-09-25,ruby,5
2005-09-26,ruby,4
2005-09-27,ruby,4
2005-09-28,ruby,3
2005-09-29,ruby,4
2005-09-30,ruby,1
2005-10-01,ruby,3
2005-10-02,ruby,6
2005-10-03,ruby,1
2005-10-04,ruby,3
2005-10-05,ruby,4
2005-10-06,ruby,5
2005-10-07,ruby,3
2005-10-08,ruby,2
2005-10-09,ruby,6
2005-10-10,ruby,2
2005-10-11,ruby,4
2005-10-12,ruby,4
2005-10-13,ruby,5
2005-10-13,x86mswin32,1
2005-10-14,ruby,1
2005-10-15,ruby,1
2005-10-16,ruby,1
2005-10-17,ruby,13
2005-10-18,ruby,9
2005-10-19,ruby,9
2005-10-19,x86mswin32,1
2005-10-20,ruby,1
2005-10-20,x86mswin32,1
2005-10-21,ruby,5
2005-10-22,ruby,4
2005-10-23,ruby,6
2005-10-24,ruby,8
2005-10-25,ruby,13
2005-10-26,ruby,5
2005-10-27,ruby,4
2005-10-28,ruby,10
2005-10-29,ruby,3
2005-10-30,ruby,6
2005-10-31,ruby,5
2005-11-01,ruby,5
2005-11-02,ruby,5
2005-11-03,ruby,3
2005-11-03,x86linux,1
2005-11-04,ruby,4
2005-11-05,ruby,1
2005-11-06,ruby,9
2005-11-07,ruby,1
2005-11-08,ruby,5
2005-11-09,ruby,7
2005-11-09,x86mswin32,1
2005-11-10,ruby,2
2005-11-11,ruby,9
2005-11-11,x86linux,1
2005-11-11,x86mswin32,1
2005-11-12,ruby,1
2005-11-13,ruby,10
2005-11-14,ruby,8
2005-11-15,ruby,4
2005-11-15,x86linux,1
2005-11-15,x86mswin32,1
2005-11-16,ruby,9
2005-11-17,ruby,8
2005-11-18,ruby,5
2005-11-19,ruby,2
2005-11-20,ruby,3
2005-11-21,ruby,5
2005-11-22,ruby,3
2005-11-23,ruby,3
2005-11-24,ruby,1
2005-11-24,x86mswin32,1
2005-11-25,ruby,5
2005-11-26,ruby,5
2005-11-27,ruby,3
2005-11-27,x86linux,1
2005-11-27,x86mswin32,2
2005-11-28,ruby,6
2005-11-29,ruby,2
2005-11-30,ruby,2
2005-12-01,ruby,3
2005-12-02,ruby,6
2005-12-03,ruby,3
2005-12-04,ruby,1
2005-12-05,ruby,2
2005-12-06,ruby,5
2005-12-07,ruby,11
2005-12-08,ruby,2
2005-12-09,ruby,5
2005-12-10,ruby,2
2005-12-11,ruby,1
2005-12-12,ruby,6
2005-12-12,x86linux,1
2005-12-12,x86mswin32,1
2005-12-13,ruby,7
2005-12-14,ruby,3
2005-12-15,ruby,2
2005-12-16,ruby,1
2005-12-17,ruby,6
2005-12-18,ruby,4
2005-12-19,ruby,4
2005-12-19,x86mswin32,1
2005-12-20,ruby,5
2005-12-20,x86mswin32,1
2005-12-21,ruby,8
2005-12-21,x86mswin32,1
2005-12-22,ruby,2
2005-12-23,ruby,4
2005-12-24,ruby,2
2005-12-25,ruby,1
2005-12-28,ruby,4
2005-12-29,ruby,3
2005-12-29,x86mswin32,1
2005-12-30,ruby,1
2005-12-31,ruby,5
2006-01-02,ruby,6
2006-01-03,ruby,3
2006-01-04,ruby,5
2006-01-05,ruby,3
2006-01-06,ruby,1
2006-01-07,ruby,2
2006-01-08,ruby,7
2006-01-09,ruby,3
2006-01-10,ruby,3
2006-01-10,x86linux,2
2006-01-11,ruby,3
2006-01-12,ruby,2
2006-01-13,ruby,1
2006-01-14,ruby,1
2006-01-14,x86mswin32,1
2006-01-15,ruby,6
2006-01-16,ruby,3
2006-01-17,ruby,6
2006-01-18,ruby,4
2006-01-19,ruby,6
2006-01-20,ruby,7
2006-01-21,ruby,4
2006-01-22,ruby,6
2006-01-23,ruby,9
2006-01-24,ruby,5
2006-01-25,ruby,4
2006-01-26,powerpcdarwin,1
2006-01-26,ruby,3
2006-01-27,ruby,3
2006-01-28,ruby,4
2006-01-29,ruby,1
2006-01-30,ruby,3
2006-01-31,ruby,4
2006-02-01,ruby,8
2006-02-02,ruby,6
2006-02-03,ruby,6
2006-02-04,ruby,2
2006-02-05,ruby,11
2006-02-06,ruby,4
2006-02-08,ruby,5
2006-02-09,ruby,5
2006-02-10,ruby,3
2006-02-11,ruby,1
2006-02-12,ruby,8
2006-02-13,ruby,9
2006-02-14,ruby,3
2006-02-15,ruby,6
2006-02-16,ruby,2
2006-02-17,ruby,2
2006-02-18,ruby,6
2006-02-19,ruby,4
2006-02-20,ruby,9
2006-02-20,x86mswin32,1
2006-02-21,ruby,6
2006-02-22,ruby,6
2006-02-23,ruby,8
2006-02-24,ruby,6
2006-02-24,x86mswin32,1
2006-02-25,ruby,12
2006-02-26,ruby,8
2006-02-27,ruby,12
2006-02-28,ruby,6
2006-03-01,ruby,3
2006-03-02,ruby,7
2006-03-03,ruby,8
2006-03-04,ruby,4
2006-03-05,ruby,6
2006-03-05,x86mswin32,1
2006-03-06,ruby,12
2006-03-07,ruby,7
2006-03-08,ruby,3
2006-03-09,ruby,4
2006-03-10,ruby,5
2006-03-11,x86mswin32,1
2006-03-12,ruby,9
2006-03-13,ruby,5
2006-03-14,ruby,4
2006-03-15,ruby,11
2006-03-16,ruby,4
2006-03-17,ruby,4
2006-03-18,ruby,6
2006-03-19,ruby,5
2006-03-20,ruby,2
2006-03-21,ruby,6
2006-03-22,ruby,7
2006-03-23,ruby,5
2006-03-24,ruby,6
2006-03-25,ruby,1
2006-03-26,ruby,2
2006-03-27,ruby,9
2006-03-28,ruby,5
2006-03-29,ruby,6
2006-03-30,ruby,4
2006-03-31,ruby,3
2006-04-01,ruby,4
2006-04-02,ruby,3
2006-04-03,ruby,5
2006-04-04,ruby,4
2006-04-05,ruby,7
2006-04-05,x86mswin32,1
2006-04-06,ruby,10
2006-04-06,x86mswin32,1
2006-04-07,ruby,6
2006-04-08,ruby,7
2006-04-09,ruby,13
2006-04-10,ruby,7
2006-04-11,ruby,7
2006-04-12,ruby,9
2006-04-13,ruby,9
2006-04-14,ruby,6
2006-04-15,ruby,6
2006-04-15,x86mswin32,1
2006-04-16,ruby,9
2006-04-16,x86mswin32,1
2006-04-17,ruby,7
2006-04-18,ruby,28
2006-04-19,ruby,9
2006-04-20,ruby,7
2006-04-21,ruby,5
2006-04-21,x86mswin32,1
2006-04-22,ruby,6
2006-04-22,x86mswin32,1
2006-04-23,ruby,12
2006-04-24,ruby,12
2006-04-25,ruby,5
2006-04-26,ruby,4
2006-04-27,ruby,9
2006-04-28,ruby,19
2006-04-28,x86mswin32,1
2006-04-29,ruby,1
2006-04-30,ruby,4
2006-05-01,ruby,7
2006-05-02,ruby,5
2006-05-03,ruby,7
2006-05-04,ruby,15
2006-05-04,x86mswin32,1
2006-05-05,ruby,4
2006-05-06,ruby,4
2006-05-06,x86mswin32,1
2006-05-07,ruby,2
2006-05-07,x86mswin32,1
2006-05-08,ruby,4
2006-05-10,ruby,6
2006-05-11,ruby,9
2006-05-12,ruby,5
2006-05-13,ruby,4
2006-05-14,ruby,2
2006-05-15,ruby,5
2006-05-16,ruby,11
2006-05-17,ruby,11
2006-05-17,x86mswin32,1
2006-05-18,ruby,5
2006-05-19,ruby,5
2006-05-20,ruby,3
2006-05-21,ruby,6
2006-05-22,ruby,3
2006-05-23,ruby,7
2006-05-23,x86mswin32,1
2006-05-24,ruby,2
2006-05-25,ruby,2
2006-05-26,ruby,3
2006-05-27,ruby,2
2006-05-27,x86mswin32,1
2006-05-28,ruby,9
2006-05-28,x86mswin32,1
2006-05-29,ruby,23
2006-05-29,x86mswin32,1
2006-05-30,ruby,5
2006-05-31,ruby,5
2006-05-31,x86mswin32,1
2006-06-01,ruby,2
2006-06-02,ruby,5
2006-06-03,ruby,6
2006-06-04,ruby,10
2006-06-04,x86mswin32,2
2006-06-05,ruby,5
2006-06-05,x86mswin32,1
2006-06-06,ruby,10
2006-06-07,ruby,4
2006-06-08,ruby,5
2006-06-08,x86mswin32,1
2006-06-09,ruby,8
2006-06-10,ruby,6
2006-06-11,ruby,3
2006-06-11,x86mswin32,1
2006-06-12,ruby,7
2006-06-13,ruby,2
2006-06-14,ruby,5
2006-06-15,ruby,5
2006-06-16,ruby,12
2006-06-17,ruby,4
2006-06-18,ruby,1
2006-06-19,ruby,4
2006-06-20,ruby,4
2006-06-20,x86mswin32,1
2006-06-21,ruby,12
2006-06-21,x86mswin32,1
2006-06-22,ruby,4
2006-06-22,x86mswin32,1
2006-06-25,ruby,2
2006-06-26,ruby,5
2006-06-26,x86mswin32,1
2006-06-27,ruby,15
2006-06-27,x86mswin32,1
2006-06-28,ruby,11
2006-06-29,ruby,5
2006-06-30,ruby,11
2006-07-01,ruby,5
2006-07-02,ruby,2
2006-07-03,ruby,5
2006-07-04,ruby,2
2006-07-05,ruby,13
2006-07-06,ruby,3
2006-07-07,ruby,2
2006-07-08,ruby,2
2006-07-09,ruby,5
2006-07-10,ruby,8
2006-07-11,ruby,7
2006-07-12,ruby,7
2006-07-13,ruby,12
2006-07-14,ruby,7
2006-07-14,x86mswin32,2
2006-07-15,ruby,5
2006-07-16,ruby,7
2006-07-16,x86mswin32,1
2006-07-17,ruby,4
2006-07-17,x86mswin32,2
2006-07-18,ruby,8
2006-07-18,unknown,1
2006-07-19,ruby,13
2006-07-20,ruby,12
2006-07-21,ruby,12
2006-07-22,ruby,8
2006-07-23,ruby,4
2006-07-24,ruby,5
2006-07-25,ruby,5
2006-07-26,ruby,9
2006-07-26,x86mswin32,1
2006-07-27,ruby,5
2006-07-28,ruby,10
2006-07-29,ruby,5
2006-07-29,x86mswin32,1
2006-07-30,ruby,5
2006-07-31,ruby,5
2006-07-31,x86mswin32,1
2006-08-01,ruby,11
2006-08-01,x86linux,1
2006-08-02,ruby,7
2006-08-03,ruby,3
2006-08-03,x86mswin32,1
2006-08-04,ruby,5
2006-08-05,ruby,4
2006-08-06,ruby,7
2006-08-07,ruby,6
2006-08-08,ruby,12
2006-08-09,ruby,12
2006-08-10,ruby,21
2006-08-11,ruby,2
2006-08-11,x86mswin32,1
2006-08-12,ruby,3
2006-08-13,ruby,17
2006-08-13,x86mswin32,1
2006-08-14,ruby,7
2006-08-15,ruby,8
2006-08-16,ruby,6
2006-08-17,ruby,7
2006-08-18,ruby,5
2006-08-19,ruby,9
2006-08-20,ruby,5
2006-08-21,ruby,6
2006-08-22,ruby,15
2006-08-23,ruby,13
2006-08-23,x86mswin32,1
2006-08-24,ruby,4
2006-08-25,ruby,6
2006-08-25,x86mswin32,1
2006-08-26,ruby,4
2006-08-27,ruby,7
2006-08-27,x86mswin32,1
2006-08-28,ruby,7
2006-08-29,ruby,8
2006-08-30,ruby,4
2006-08-31,ruby,10
2006-09-01,ruby,5
2006-09-02,ruby,6
2006-09-03,ruby,4
2006-09-04,ruby,4
2006-09-05,ruby,7
2006-09-06,ruby,8
2006-09-06,x86mswin32,1
2006-09-07,ruby,8
2006-09-08,ruby,6
2006-09-09,ruby,4
2006-09-10,ruby,8
2006-09-10,unknown,1
2006-09-10,x86mswin32,1
2006-09-11,ruby,8
2006-09-11,x86mswin32,1
2006-09-12,ruby,8
2006-09-13,ruby,7
2006-09-14,ruby,10
2006-09-15,ruby,10
2006-09-15,x86mswin32,1
2006-09-16,ruby,6
2006-09-17,ruby,7
2006-09-18,ruby,12
2006-09-19,ruby,11
2006-09-20,ruby,11
2006-09-21,ruby,6
2006-09-22,ruby,6
2006-09-23,ruby,12
2006-09-24,ruby,8
2006-09-25,ruby,6
2006-09-26,ruby,7
2006-09-27,ruby,7
2006-09-28,ruby,6
2006-09-28,x86mswin32,1
2006-09-29,ruby,5
2006-09-30,ruby,3
2006-10-01,ruby,3
2006-10-02,ruby,6
2006-10-03,ruby,11
2006-10-04,ruby,6
2006-10-05,ruby,8
2006-10-05,x86linux,1
2006-10-06,ruby,4
2006-10-07,ruby,5
2006-10-07,x86mswin32,1
2006-10-08,ruby,3
2006-10-09,ruby,9
2006-10-09,x86mswin32,1
2006-10-10,ruby,13
2006-10-11,ruby,13
2006-10-12,ruby,4
2006-10-13,ruby,10
2006-10-14,ruby,4
2006-10-15,ruby,8
2006-10-15,x86mswin32,1
2006-10-16,ruby,12
2006-10-16,x86mswin32,1
2006-10-17,ruby,16
2006-10-18,ruby,8
2006-10-19,ruby,10
2006-10-20,ruby,5
2006-10-21,ruby,9
2006-10-22,ruby,9
2006-10-23,ruby,10
2006-10-24,ruby,13
2006-10-25,ruby,11
2006-10-26,ruby,8
2006-10-27,ruby,8
2006-10-28,ruby,2
2006-10-29,ruby,7
2006-10-30,ruby,13
2006-10-31,ruby,10
2006-11-01,ruby,11
2006-11-01,x86mswin32,1
2006-11-02,ruby,12
2006-11-03,ruby,10
2006-11-04,ruby,5
2006-11-05,ruby,13
2006-11-06,ruby,10
2006-11-06,x86linux,1
2006-11-07,ruby,12
2006-11-07,x86linux,1
2006-11-08,ruby,13
2006-11-09,ruby,18
2006-11-10,ruby,11
2006-11-11,ruby,3
2006-11-12,ruby,13
2006-11-13,ruby,16
2006-11-14,ruby,7
2006-11-15,ruby,10
2006-11-16,ruby,8
2006-11-17,ruby,8
2006-11-17,x86mswin32,2
2006-11-18,ruby,6
2006-11-18,x86linux,1
2006-11-18,x86mswin32,2
2006-11-19,ruby,6
2006-11-19,x86mswin32,2
2006-11-20,ruby,12
2006-11-20,x86linux,1
2006-11-20,x86mswin32,3
2006-11-21,ruby,8
2006-11-21,x86mswin32,1
2006-11-22,ruby,11
2006-11-23,ruby,6
2006-11-23,x86mswin32,1
2006-11-24,ruby,9
2006-11-25,ruby,9
2006-11-26,ruby,17
2006-11-27,ruby,15
2006-11-27,x86mswin32,1
2006-11-28,ruby,14
2006-11-28,x86mswin32,1
2006-11-29,ruby,14
2006-11-30,ruby,9
2006-12-01,ruby,14
2006-12-01,x86mswin32,1
2006-12-02,ruby,7
2006-12-02,x86linux,1
2006-12-03,ruby,4
2006-12-04,ruby,7
2006-12-04,x86linux,1
2006-12-04,x86mswin32,2
2006-12-05,ruby,7
2006-12-05,x86mswin32,1
2006-12-06,ruby,10
2006-12-07,ruby,12
2006-12-08,ruby,14
2006-12-08,x86mswin32,1
2006-12-09,ruby,9
2006-12-10,ruby,7
2006-12-11,ruby,3
2006-12-12,ruby,12
2006-12-13,ruby,8
2006-12-14,ruby,7
2006-12-15,ruby,8
2006-12-15,x86mswin32,1
2006-12-16,ruby,5
2006-12-17,ruby,6
2006-12-18,ruby,16
2006-12-19,ruby,17
2006-12-20,ruby,14
2006-12-20,x86mswin32,1
2006-12-21,ruby,24
2006-12-21,x86mswin32,2
2006-12-22,ruby,3
2006-12-22,x86linux,1
2006-12-22,x86mswin32,1
2006-12-23,ruby,4
2006-12-24,ruby,4
2006-12-25,ruby,10
2006-12-26,ruby,9
2006-12-27,ruby,10
2006-12-28,ruby,8
2006-12-28,x86mswin32,1
2006-12-29,ruby,5
2006-12-30,ruby,7
2006-12-31,ruby,5
2007-01-01,ruby,5
2007-01-02,ruby,9
2007-01-03,ruby,9
2007-01-04,ruby,11
2007-01-04,x86linux,1
2007-01-04,x86mswin32,1
2007-01-05,ruby,14
2007-01-06,ruby,9
2007-01-07,ruby,7
2007-01-08,ruby,14
2007-01-09,ruby,8
2007-01-10,ruby,9
2007-01-11,ruby,10
2007-01-11,x86linux,1
2007-01-11,x86mswin32,1
2007-01-12,ruby,4
2007-01-13,ruby,13
2007-01-13,x86mswin32,1
2007-01-14,ruby,8
2007-01-15,ruby,15
2007-01-16,ruby,9
2007-01-17,ruby,16
2007-01-18,ruby,19
2007-01-19,ruby,17
2007-01-20,ruby,15
2007-01-20,x86mswin32,1
2007-01-21,ruby,9
2007-01-21,sparcsolaris,1
2007-01-21,x86mswin32,2
2007-01-22,ruby,11
2007-01-23,ruby,8
2007-01-24,ruby,12
2007-01-25,ruby,8
2007-01-26,ruby,11
2007-01-26,x86mswin32,1
2007-01-27,ruby,7
2007-01-27,x86mswin32,1
2007-01-28,ruby,11
2007-01-28,x86mswin32,1
2007-01-29,ruby,17
2007-01-30,ruby,16
2007-01-31,ruby,19
2007-01-31,x86mswin32,1
2007-02-01,ruby,12
2007-02-01,x86mswin32,1
2007-02-02,ruby,8
2007-02-02,x86mswin32,1
2007-02-03,ruby,11
2007-02-03,x86mswin32,2
2007-02-04,ruby,10
2007-02-05,ruby,18
2007-02-05,x86mswin32,3
2007-02-06,ruby,14
2007-02-07,ruby,10
2007-02-08,ruby,13
2007-02-09,ruby,4
2007-02-09,x86mswin32,1
2007-02-10,ruby,11
2007-02-11,ruby,20
2007-02-12,ruby,8
2007-02-13,ruby,19
2007-02-14,ruby,14
2007-02-15,ruby,10
2007-02-16,ruby,10
2007-02-17,ruby,8
2007-02-18,ruby,11
2007-02-19,ruby,11
2007-02-20,ruby,15
2007-02-21,ruby,13
2007-02-22,ruby,7
2007-02-23,ruby,4
2007-02-24,ruby,7
2007-02-25,ruby,15
2007-02-26,ruby,9
2007-02-27,ruby,20
2007-02-27,x86mswin32,3
2007-02-28,ruby,21
2007-03-01,ruby,18
2007-03-02,ruby,10
2007-03-03,ruby,11
2007-03-04,ruby,19
2007-03-05,ruby,14
2007-03-06,ruby,6
2007-03-07,ruby,8
2007-03-08,ruby,11
2007-03-09,ruby,11
2007-03-10,ruby,5
2007-03-11,ruby,12
2007-03-12,ruby,11
2007-03-13,ruby,18
2007-03-14,ruby,7
2007-03-15,java,1
2007-03-15,ruby,27
2007-03-15,x86mswin32,1
2007-03-16,ruby,11
2007-03-16,x86mswin32,2
2007-03-17,ruby,13
2007-03-18,ruby,9
2007-03-19,ruby,13
2007-03-19,x86mswin32,1
2007-03-20,ruby,13
2007-03-21,ruby,23
2007-03-22,ruby,18
2007-03-22,x86mswin32,1
2007-03-23,ruby,9
2007-03-24,ruby,11
2007-03-25,ruby,16
2007-03-26,ruby,18
2007-03-27,ruby,19
2007-03-27,x86mswin32,1
2007-03-28,ruby,12
2007-03-29,ruby,6
2007-03-30,ruby,11
2007-03-30,x86linux,1
2007-03-30,x86mswin32,1
2007-03-31,ruby,13
2007-03-31,x86linux,1
2007-04-01,ruby,19
2007-04-01,x86mswin32,1
2007-04-02,java,1
2007-04-02,ruby,9
2007-04-03,ruby,17
2007-04-03,x86mswin32,1
2007-04-04,ruby,10
2007-04-05,ruby,13
2007-04-06,ruby,9
2007-04-06,x86mswin32,1
2007-04-07,ruby,5
2007-04-08,ruby,9
2007-04-09,ruby,14
2007-04-10,ruby,11
2007-04-11,ruby,21
2007-04-11,x86mswin32,1
2007-04-12,ruby,12
2007-04-13,ruby,6
2007-04-14,ruby,11
2007-04-15,ruby,16
2007-04-16,ruby,13
2007-04-17,java,1
2007-04-17,ruby,15
2007-04-17,x86linux,1
2007-04-18,ruby,12
2007-04-19,ruby,8
2007-04-20,ruby,14
2007-04-21,ruby,8
2007-04-22,ruby,10
2007-04-23,ruby,7
2007-04-24,ruby,13
2007-04-25,ruby,11
2007-04-26,ruby,16
2007-04-26,x86linux,1
2007-04-26,x86mswin32,2
2007-04-27,ruby,11
2007-04-28,ruby,14
2007-04-29,ruby,13
2007-04-30,ruby,27
2007-05-01,ruby,16
2007-05-01,x86mswin32,1
2007-05-02,ruby,22
2007-05-03,ruby,7
2007-05-04,ruby,14
2007-05-05,ruby,9
2007-05-05,x86mswin32,1
2007-05-06,ruby,11
2007-05-07,ruby,16
2007-05-08,ruby,17
2007-05-09,ruby,14
2007-05-09,x86mswin32,2
2007-05-10,ruby,18
2007-05-10,x86mswin32,1
2007-05-11,ruby,10
2007-05-12,ruby,11
2007-05-13,ruby,21
2007-05-14,ruby,12
2007-05-15,ruby,15
2007-05-16,ruby,14
2007-05-17,ruby,10
2007-05-18,ruby,10
2007-05-19,ruby,6
2007-05-20,ruby,14
2007-05-21,ruby,13
2007-05-22,ruby,22
2007-05-23,ruby,17
2007-05-24,ruby,21
2007-05-25,java,1
2007-05-25,ruby,13
2007-05-26,ruby,6
2007-05-27,ruby,7
2007-05-28,ruby,16
2007-05-29,ruby,21
2007-05-30,ruby,15
2007-05-31,ruby,20
2007-06-01,ruby,15
2007-06-02,ruby,7
2007-06-02,x86mswin32,1
2007-06-03,ruby,13
2007-06-03,x86mswin32,1
2007-06-04,ruby,15
2007-06-05,java,1
2007-06-05,ruby,24
2007-06-06,ruby,14
2007-06-07,ruby,14
2007-06-08,ruby,5
2007-06-09,ruby,6
2007-06-09,x86mswin32,1
2007-06-10,ruby,8
2007-06-11,ruby,11
2007-06-12,ruby,16
2007-06-13,java,2
2007-06-13,ruby,15
2007-06-14,ruby,11
2007-06-15,java,1
2007-06-15,ruby,21
2007-06-15,x86mswin32,1
2007-06-16,ruby,15
2007-06-16,x86mswin32,1
2007-06-17,ruby,11
2007-06-18,java,1
2007-06-18,ruby,19
2007-06-19,ruby,15
2007-06-19,x86mswin32,1
2007-06-20,ruby,10
2007-06-21,ruby,13
2007-06-22,ruby,11
2007-06-23,ruby,19
2007-06-24,ruby,23
2007-06-25,ruby,7
2007-06-25,x86mswin32,1
2007-06-26,ruby,16
2007-06-26,x86mswin32,1
2007-06-27,ruby,9
2007-06-28,ruby,10
2007-06-29,ruby,6
2007-06-30,ruby,3
2007-07-01,ruby,14
2007-07-02,ruby,20
2007-07-03,ruby,11
2007-07-03,x86mswin32,1
2007-07-04,java,1
2007-07-04,ruby,6
2007-07-05,ruby,12
2007-07-05,x86mswin32,3
2007-07-06,java,1
2007-07-06,ruby,15
2007-07-06,x86linux,1
2007-07-07,java,3
2007-07-07,ruby,18
2007-07-08,ruby,9
2007-07-09,java,1
2007-07-09,ruby,16
2007-07-09,x86mswin32,1
2007-07-10,ruby,14
2007-07-11,java,1
2007-07-11,powerpcdarwin,1
2007-07-11,ruby,12
2007-07-11,x86linux,1
2007-07-11,x86mswin32,1
2007-07-12,ruby,6
2007-07-13,ruby,10
2007-07-14,ruby,15
2007-07-15,ruby,6
2007-07-16,ruby,14
2007-07-17,ruby,20
2007-07-18,ruby,28
2007-07-18,x86mswin32,1
2007-07-19,ruby,14
2007-07-19,x86mswin32,1
2007-07-20,ruby,11
2007-07-21,ruby,11
2007-07-22,ruby,14
2007-07-23,ruby,23
2007-07-24,ruby,9
2007-07-25,ruby,13
2007-07-25,x86mswin32,1
2007-07-26,ruby,17
2007-07-26,x86linux,1
2007-07-26,x86mswin32,1
2007-07-27,ruby,7
2007-07-27,x86linux,1
2007-07-28,ruby,7
2007-07-28,x86darwin,1
2007-07-28,x86mswin32,1
2007-07-29,ruby,8
2007-07-30,ruby,15
2007-07-31,powerpcdarwin,1
2007-07-31,ruby,19
2007-07-31,x86linux,1
2007-08-01,ruby,14
2007-08-02,ruby,18
2007-08-03,ruby,17
2007-08-04,ruby,7
2007-08-05,ruby,22
2007-08-06,ruby,25
2007-08-07,ruby,18
2007-08-08,ruby,20
2007-08-09,ruby,17
2007-08-09,universaldarwin,1
2007-08-09,x86mswin32,1
2007-08-10,ruby,9
2007-08-11,ruby,13
2007-08-12,ruby,21
2007-08-13,ruby,17
2007-08-14,ruby,21
2007-08-14,universaldarwin,1
2007-08-14,x86mswin32,1
2007-08-15,ruby,14
2007-08-16,ruby,17
2007-08-17,ruby,15
2007-08-18,ruby,15
2007-08-19,ruby,10
2007-08-20,ruby,25
2007-08-21,ruby,22
2007-08-21,x86mswin32,1
2007-08-22,ruby,18
2007-08-23,ruby,11
2007-08-24,ruby,10
2007-08-25,ruby,10
2007-08-26,ruby,14
2007-08-27,ruby,14
2007-08-28,ruby,16
2007-08-29,ruby,13
2007-08-29,x86mswin32,1
2007-08-30,ruby,25
2007-08-30,universaldarwin,2
2007-08-30,x86linux,2
2007-08-31,java,1
2007-08-31,ruby,15
2007-09-01,ruby,7
2007-09-01,x86mswin32,1
2007-09-02,ruby,16
2007-09-03,ruby,13
2007-09-03,x86mswin32,1
2007-09-04,ruby,13
2007-09-04,x86mswin32,1
2007-09-05,ruby,15
2007-09-06,ruby,14
2007-09-07,ruby,13
2007-09-07,x86darwin,1
2007-09-07,x86mswin32,1
2007-09-08,ruby,17
2007-09-08,x86linux,1
2007-09-09,ruby,9
2007-09-09,x86darwin,1
2007-09-10,powerpcdarwin,1
2007-09-10,ruby,26
2007-09-10,x86mswin32,1
2007-09-11,ruby,18
2007-09-11,x86_64linux,1
2007-09-12,ruby,9
2007-09-13,ruby,5
2007-09-13,x86mswin32,1
2007-09-14,ruby,15
2007-09-14,x86mswin32,2
2007-09-15,ruby,11
2007-09-16,ruby,11
2007-09-16,universaldarwin,2
2007-09-16,x86mswin32,2
2007-09-17,java,1
2007-09-17,ruby,25
2007-09-18,ruby,24
2007-09-19,ruby,6
2007-09-20,ruby,23
2007-09-21,ruby,15
2007-09-21,x86mswin32,1
2007-09-22,ruby,9
2007-09-22,x86mswin32,1
2007-09-23,ruby,25
2007-09-23,x86_64linux,1
2007-09-24,ruby,16
2007-09-25,ruby,13
2007-09-25,x86mswin32,1
2007-09-26,ruby,29
2007-09-27,ruby,16
2007-09-27,x86mswin32,1
2007-09-28,ruby,8
2007-09-28,universaldarwin,1
2007-09-28,x86mswin32,3
2007-09-29,ruby,12
2007-09-30,ruby,11
2007-10-01,ruby,7
2007-10-02,ruby,6
2007-10-03,ruby,11
2007-10-04,ruby,18
2007-10-05,ruby,13
2007-10-06,ruby,16
2007-10-07,ruby,14
2007-10-07,x86linux,1
2007-10-08,ruby,14
2007-10-09,ruby,11
2007-10-10,ruby,17
2007-10-10,x86linux,1
2007-10-11,ruby,16
2007-10-12,ruby,21
2007-10-13,ruby,9
2007-10-14,ruby,9
2007-10-15,ruby,10
2007-10-16,ruby,13
2007-10-16,x86mswin32,1
2007-10-17,ruby,26
2007-10-18,ruby,16
2007-10-19,ruby,12
2007-10-20,ruby,6
2007-10-20,x86mswin32,1
2007-10-21,ruby,9
2007-10-21,x86linux,1
2007-10-22,powerpcdarwin,1
2007-10-22,ruby,19
2007-10-22,x86darwin,1
2007-10-23,ruby,25
2007-10-23,x86mswin32,1
2007-10-24,ruby,12
2007-10-25,ruby,15
2007-10-25,x86_64linux,1
2007-10-26,ruby,22
2007-10-26,x86mswin32,1
2007-10-27,ruby,10
2007-10-28,ruby,16
2007-10-28,universaldarwin,1
2007-10-28,x86mswin32,1
2007-10-29,ruby,23
2007-10-29,x86mswin32,1
2007-10-30,ruby,11
2007-10-31,ruby,12
2007-11-01,ruby,22
2007-11-02,ruby,27
2007-11-03,ruby,18
2007-11-04,ruby,16
2007-11-05,ruby,26
2007-11-05,universaldarwin,1
2007-11-06,java,1
2007-11-06,ruby,19
2007-11-06,universaldarwin,2
2007-11-06,x86mswin32,1
2007-11-07,ruby,17
2007-11-08,ruby,20
2007-11-08,x86linux,1
2007-11-08,x86mswin32,2
2007-11-09,ruby,13
2007-11-09,universaldarwin,1
2007-11-09,x86mswin32,1
2007-11-10,ruby,19
2007-11-11,ruby,16
2007-11-12,ruby,27
2007-11-12,x86mswin32,1
2007-11-13,ruby,12
2007-11-13,x86mswin32,3
2007-11-14,ruby,15
2007-11-14,x86mswin32,1
2007-11-15,ruby,12
2007-11-16,ruby,16
2007-11-16,x86mswin32,1
2007-11-17,ruby,12
2007-11-17,x86mswin32,2
2007-11-18,ruby,28
2007-11-18,x86mswin32,3
2007-11-19,ruby,25
2007-11-19,x86mswin32,3
2007-11-20,ruby,9
2007-11-21,ruby,13
2007-11-21,x86mswin32,2
2007-11-22,ruby,12
2007-11-22,x86mswin32,2
2007-11-23,ruby,11
2007-11-23,x86mswin32,1
2007-11-24,ruby,15
2007-11-24,x86mswin32,1
2007-11-25,ruby,20
2007-11-26,ruby,14
2007-11-26,x86linux,2
2007-11-26,x86mswin32,1
2007-11-27,ruby,15
2007-11-28,ruby,16
2007-11-28,x86mswin32,1
2007-11-29,ruby,13
2007-11-30,ruby,7
2007-12-01,ruby,5
2007-12-02,ruby,7
2007-12-03,ruby,26
2007-12-03,x86mswin32,1
2007-12-04,ruby,22
2007-12-05,ruby,17
2007-12-06,ruby,23
2007-12-07,ruby,17
2007-12-08,ruby,15
2007-12-09,ruby,16
2007-12-09,x86mswin32,1
2007-12-10,ruby,24
2007-12-10,universaldarwin,1
2007-12-10,x86mswin32,1
2007-12-11,ruby,24
2007-12-12,ruby,17
2007-12-13,ruby,27
2007-12-13,universaldarwin,1
2007-12-13,x86mswin32,1
2007-12-14,ruby,15
2007-12-14,x86mswin32,1
2007-12-15,ruby,20
2007-12-16,ruby,11
2007-12-17,ruby,12
2007-12-18,ruby,21
2007-12-19,ruby,20
2007-12-19,x86linux,1
2007-12-20,ruby,19
2007-12-20,x86mswin32,1
2007-12-21,ruby,23
2007-12-21,x86mswin32,1
2007-12-22,java,1
2007-12-22,ruby,17
2007-12-23,ruby,10
2007-12-24,ruby,9
2007-12-25,java,1
2007-12-25,ruby,16
2007-12-25,x86mswin32,1
2007-12-26,ruby,12
2007-12-27,ruby,17
2007-12-27,x86mswin32,2
2007-12-28,ruby,19
2007-12-29,ruby,14
2007-12-30,ruby,15
2007-12-31,ruby,24
2008-01-01,ruby,25
2008-01-01,x86mswin32,2
2008-01-02,java,1
2008-01-02,ruby,12
2008-01-02,x86mingw32,1
2008-01-02,x86mswin32,1
2008-01-03,ruby,20
2008-01-04,ruby,25
2008-01-04,x86linux,1
2008-01-05,ruby,13
2008-01-06,ruby,29
2008-01-06,x86linux,1
2008-01-06,x86mswin32,2
2008-01-07,ruby,24
2008-01-07,x86mswin32,1
2008-01-08,ruby,33
2008-01-08,x86mswin32,1
2008-01-09,ruby,28
2008-01-09,x86mswin32,1
2008-01-10,ruby,27
2008-01-10,x86mswin32,1
2008-01-11,ruby,14
2008-01-12,ruby,16
2008-01-13,ruby,9
2008-01-14,ruby,22
2008-01-14,universaldarwin,1
2008-01-14,x86mswin32,1
2008-01-15,ruby,25
2008-01-15,x86linux,1
2008-01-16,ruby,22
2008-01-16,x86linux,1
2008-01-16,x86mswin32,1
2008-01-17,ruby,33
2008-01-18,ruby,14
2008-01-18,x86mswin32,1
2008-01-19,ruby,14
2008-01-19,x86mswin32,1
2008-01-20,ruby,16
2008-01-21,ruby,16
2008-01-22,ruby,22
2008-01-22,x86mswin32,1
2008-01-23,ruby,27
2008-01-23,x86mswin32,1
2008-01-24,ruby,19
2008-01-25,ruby,16
2008-01-25,x86mswin32,1
2008-01-26,ruby,14
2008-01-26,x86mswin32,1
2008-01-27,ruby,23
2008-01-28,ruby,21
2008-01-29,ruby,26
2008-01-30,ruby,16
2008-01-30,x86mswin32,1
2008-01-31,ruby,27
2008-02-01,ruby,14
2008-02-02,ruby,15
2008-02-03,ruby,18
2008-02-03,x86mswin32,1
2008-02-04,ruby,22
2008-02-05,ruby,21
2008-02-06,ruby,28
2008-02-06,x86mswin32,1
2008-02-07,ruby,16
2008-02-07,x86mswin32,2
2008-02-08,ruby,19
2008-02-08,x86_64linux,1
2008-02-09,ruby,22
2008-02-10,darwin,1
2008-02-10,ruby,28
2008-02-10,x86linux,1
2008-02-11,darwin,1
2008-02-11,ruby,23
2008-02-11,x86linux,1
2008-02-12,darwin,2
2008-02-12,ruby,35
2008-02-12,x86linux,2
2008-02-13,ruby,20
2008-02-13,universaljava,1
2008-02-13,x86mswin32,1
2008-02-14,ruby,26
2008-02-15,ruby,23
2008-02-16,java,1
2008-02-16,ruby,17
2008-02-17,ruby,23
2008-02-18,darwin,1
2008-02-18,ruby,29
2008-02-18,x86linux,1
2008-02-19,ruby,23
2008-02-20,darwin,1
2008-02-20,ruby,21
2008-02-20,x86linux,1
2008-02-21,ruby,16
2008-02-21,x86mswin32,2
2008-02-22,darwin,1
2008-02-22,ruby,13
2008-02-22,x86linux,1
2008-02-22,x86mswin32,1
2008-02-23,ruby,13
2008-02-24,darwin,1
2008-02-24,ruby,31
2008-02-24,x86linux,1
2008-02-25,ruby,34
2008-02-26,ruby,17
2008-02-27,ruby,32
2008-02-28,ruby,29
2008-02-29,java,1
2008-02-29,ruby,21
2008-02-29,x86mswin32,1
2008-03-01,ruby,14
2008-03-02,ruby,32
2008-03-02,x86mswin32,1
2008-03-03,ruby,18
2008-03-04,darwin,1
2008-03-04,ruby,22
2008-03-04,x86linux,1
2008-03-05,ruby,11
2008-03-06,ruby,21
2008-03-06,x86mswin32,1
2008-03-07,ruby,17
2008-03-07,universaldarwin,1
2008-03-07,x86_64linux,1
2008-03-07,x86linux,1
2008-03-08,ruby,20
2008-03-08,x86mswin32,1
2008-03-09,ruby,26
2008-03-10,ruby,23
2008-03-10,x86mswin32,1
2008-03-11,darwin,1
2008-03-11,ruby,34
2008-03-11,x86linux,1
2008-03-12,ruby,18
2008-03-13,ruby,19
2008-03-13,universaljava,1
2008-03-14,ruby,21
2008-03-15,ruby,17
2008-03-16,ruby,32
2008-03-17,ruby,23
2008-03-17,x86mswin32,1
2008-03-18,ruby,20
2008-03-19,java,1
2008-03-19,ruby,21
2008-03-20,ruby,15
2008-03-21,ruby,11
2008-03-22,ruby,15
2008-03-23,ruby,14
2008-03-24,ruby,61
2008-03-24,x86mswin32,1
2008-03-25,ruby,32
2008-03-26,ruby,19
2008-03-27,ruby,35
2008-03-27,x86mswin32,1
2008-03-28,ruby,20
2008-03-28,universaldarwin,1
2008-03-28,x86mswin32,1
2008-03-29,ruby,15
2008-03-29,x86mswin32,1
2008-03-30,ruby,19
2008-03-31,ruby,21
2008-03-31,x86mswin32,1
2008-04-01,ruby,18
2008-04-02,ruby,29
2008-04-02,x86mswin32,1
2008-04-03,ruby,15
2008-04-04,ruby,20
2008-04-04,x86mswin32,1
2008-04-05,ruby,17
2008-04-06,ruby,22
2008-04-06,universaljava,2
2008-04-07,ruby,19
2008-04-08,ruby,17
2008-04-08,universaldarwin,2
2008-04-09,darwin,1
2008-04-09,ruby,27
2008-04-09,x86linux,1
2008-04-09,x86mswin32,1
2008-04-10,ruby,25
2008-04-10,x86mswin32,1
2008-04-11,ruby,27
2008-04-11,x86mswin32,1
2008-04-12,ruby,15
2008-04-12,universaldarwin,3
2008-04-12,x86mswin32,2
2008-04-13,ruby,21
2008-04-14,java,1
2008-04-14,ruby,24
2008-04-15,ruby,30
2008-04-15,x86mswin32,1
2008-04-16,ruby,21
2008-04-17,ruby,37
2008-04-17,x86mswin32,1
2008-04-18,ruby,20
2008-04-18,x86mswin32,2
2008-04-19,ruby,21
2008-04-19,x86mswin32,1
2008-04-20,ruby,25
2008-04-21,ruby,15
2008-04-21,universaldarwin,1
2008-04-22,ruby,20
2008-04-23,ruby,15
2008-04-23,x86mswin32,2
2008-04-24,ruby,32
2008-04-25,java,1
2008-04-25,ruby,19
2008-04-25,x86mswin32,2
2008-04-26,ruby,18
2008-04-26,x86mswin32,1
2008-04-27,ruby,18
2008-04-28,ruby,20
2008-04-29,ruby,24
2008-04-29,x86mswin32,3
2008-04-30,ruby,37
2008-04-30,universaldarwin,1
2008-04-30,x86linux,1
2008-04-30,x86mswin32,3
2008-05-01,ruby,18
2008-05-01,x86mingw32,1
2008-05-01,x86mswin32,2
2008-05-02,ruby,15
2008-05-02,universaljava,1
2008-05-03,ruby,9
2008-05-04,ruby,35
2008-05-04,x86_64linux,1
2008-05-04,x86cygwin,1
2008-05-04,x86darwin,1
2008-05-04,x86linux,1
2008-05-04,x86mswin32,1
2008-05-05,ruby,32
2008-05-06,ruby,18
2008-05-07,ruby,23
2008-05-07,x86mswin32,1
2008-05-08,ruby,28
2008-05-09,ruby,17
2008-05-09,universaldarwin,1
2008-05-09,x86linux,1
2008-05-09,x86mswin32,1
2008-05-10,ruby,9
2008-05-11,ruby,9
2008-05-11,x86_64linux,1
2008-05-11,x86cygwin,1
2008-05-11,x86darwin,1
2008-05-11,x86linux,1
2008-05-11,x86mswin32,1
2008-05-12,ruby,15
2008-05-13,ruby,18
2008-05-14,ruby,16
2008-05-14,x86mswin32,2
2008-05-15,ruby,19
2008-05-16,ruby,14
2008-05-17,darwin,1
2008-05-17,ruby,17
2008-05-17,x86linux,1
2008-05-18,ruby,18
2008-05-19,java,1
2008-05-19,ruby,22
2008-05-20,ruby,23
2008-05-20,x86linux,1
2008-05-20,x86mswin32,1
2008-05-21,ruby,35
2008-05-21,universaldarwin,1
2008-05-22,ruby,23
2008-05-22,universaldarwin,1
2008-05-22,x86mswin32,1
2008-05-23,darwin,1
2008-05-23,ruby,19
2008-05-23,x86linux,1
2008-05-23,x86mswin32,1
2008-05-24,ruby,12
2008-05-25,java,1
2008-05-25,ruby,16
2008-05-25,universaldarwin,1
2008-05-26,java,1
2008-05-26,ruby,22
2008-05-27,ruby,18
2008-05-27,universaldarwin,1
2008-05-28,ruby,21
2008-05-29,java,1
2008-05-29,ruby,23
2008-05-30,ruby,19
2008-05-31,ruby,15
2008-05-31,x86mswin32,1
2008-06-01,ruby,17
2008-06-01,x86mswin32,1
2008-06-02,ruby,6
2008-06-03,ruby,23
2008-06-04,ruby,23
2008-06-04,universaldarwin,1
2008-06-04,x86mswin32,1
2008-06-05,java,1
2008-06-05,ruby,21
2008-06-06,ruby,17
2008-06-07,ruby,12
2008-06-07,x86mswin32,1
2008-06-08,ruby,12
2008-06-09,ruby,26
2008-06-10,ruby,15
2008-06-11,ruby,26
2008-06-12,ruby,14
2008-06-12,x86mswin32,2
2008-06-13,ruby,27
2008-06-14,ruby,9
2008-06-15,ruby,18
2008-06-16,ruby,22
2008-06-17,ruby,31
2008-06-18,ruby,26
2008-06-19,ruby,22
2008-06-19,x86linux,1
2008-06-20,java,1
2008-06-20,ruby,24
2008-06-20,x86linux,1
2008-06-21,ruby,11
2008-06-21,x86mswin32,1
2008-06-22,ruby,29
2008-06-23,ruby,32
2008-06-23,universaljava,1
2008-06-23,x86linux,1
2008-06-24,ruby,18
2008-06-24,universaljava,1
2008-06-25,ruby,46
2008-06-26,ruby,19
2008-06-27,ruby,23
2008-06-28,darwin,1
2008-06-28,java,2
2008-06-28,linux,1
2008-06-28,ruby,9
2008-06-28,x86mswin32,1
2008-06-29,ruby,16
2008-06-30,darwin,1
2008-06-30,linux,1
2008-06-30,ruby,9
2008-07-01,ruby,13
2008-07-02,ruby,29
2008-07-02,x86mswin32,1
2008-07-03,ruby,18
2008-07-03,x86mswin32,1
2008-07-04,ruby,8
2008-07-05,ruby,16
2008-07-06,ruby,24
2008-07-06,x86mswin32,1
2008-07-07,java,1
2008-07-07,ruby,19
2008-07-08,ruby,15
2008-07-09,ruby,22
2008-07-09,x86mswin32,1
2008-07-10,ruby,23
2008-07-10,x86mswin32,1
2008-07-11,ruby,18
2008-07-12,ruby,12
2008-07-12,x86mswin32,1
2008-07-13,ruby,15
2008-07-14,ruby,17
2008-07-14,universaldarwin,1
2008-07-15,ruby,21
2008-07-15,x86mswin32,2
2008-07-16,ruby,24
2008-07-16,x86mswin32,2
2008-07-17,ruby,14
2008-07-18,java,1
2008-07-18,ruby,28
2008-07-18,x86mswin32,1
2008-07-19,darwin,1
2008-07-19,ruby,15
2008-07-19,x86linux,1
2008-07-19,x86mswin32,1
2008-07-20,darwin,2
2008-07-20,ruby,16
2008-07-20,x86linux,2
2008-07-20,x86mswin32,2
2008-07-21,powerpcdarwin,1
2008-07-21,ruby,17
2008-07-21,x86mswin32,4
2008-07-22,ruby,20
2008-07-22,x86mswin32,1
2008-07-23,ruby,21
2008-07-24,ruby,28
2008-07-24,x86mswin32,2
2008-07-25,ruby,18
2008-07-26,ruby,11
2008-07-27,powerpcdarwin,1
2008-07-27,ruby,19
2008-07-27,x86linux,1
2008-07-27,x86mswin32,2
2008-07-28,java,1
2008-07-28,ruby,17
2008-07-29,ruby,24
2008-07-30,ruby,18
2008-07-31,ruby,16
2008-08-01,ruby,39
2008-08-01,x86mswin32,3
2008-08-02,ruby,26
2008-08-03,ruby,15
2008-08-03,universaldarwin,1
2008-08-03,x86linux,1
2008-08-03,x86mswin32,1
2008-08-04,ruby,46
2008-08-04,universaldarwin,1
2008-08-05,ruby,19
2008-08-06,ruby,34
2008-08-06,x86mswin32,1
2008-08-07,ruby,18
2008-08-07,x86mswin32,3
2008-08-08,ruby,18
2008-08-08,universaldarwin,1
2008-08-08,x86linux,1
2008-08-08,x86mswin32,2
2008-08-09,ruby,7
2008-08-09,x86mswin32,1
2008-08-10,ruby,21
2008-08-11,ruby,18
2008-08-12,ruby,35
2008-08-12,x86mswin32,1
2008-08-13,ruby,17
2008-08-13,x86mswin32,1
2008-08-14,ruby,26
2008-08-14,x86mswin32,1
2008-08-15,ruby,13
2008-08-15,x86mingw32,1
2008-08-15,x86mswin32,2
2008-08-16,ruby,16
2008-08-16,x86mswin32,1
2008-08-17,ruby,20
2008-08-17,universaldarwin,3
2008-08-18,ruby,29
2008-08-18,x86mswin32,3
2008-08-19,ruby,17
2008-08-20,ruby,38
2008-08-21,ruby,53
2008-08-21,x86linux,1
2008-08-21,x86mswin32,1
2008-08-22,ruby,18
2008-08-23,ruby,17
2008-08-24,ruby,11
2008-08-24,x86mswin32,1
2008-08-25,ruby,46
2008-08-25,x86mswin32,1
2008-08-26,ruby,46
2008-08-26,x86mswin32,1
2008-08-27,ruby,26
2008-08-27,universaldarwin,1
2008-08-27,x86mingw32,1
2008-08-28,ruby,27
2008-08-28,x86darwin,1
2008-08-28,x86linux,1
2008-08-28,x86mingw32,1
2008-08-28,x86mswin32,1
2008-08-29,ruby,54
2008-08-29,x86linux,1
2008-08-30,ruby,16
2008-08-31,java,1
2008-08-31,ruby,42
2008-08-31,x86_64linux,1
2008-09-01,ruby,34
2008-09-02,ruby,39
2008-09-03,ruby,31
2008-09-03,x86mswin32,1
2008-09-04,ruby,42
2008-09-05,ruby,15
2008-09-06,ruby,21
2008-09-07,ruby,45
2008-09-08,ruby,76
2008-09-09,ruby,32
2008-09-10,ruby,50
2008-09-10,x86mswin32,2
2008-09-11,java,1
2008-09-11,ruby,15
2008-09-11,universaldarwin,1
2008-09-11,x86mswin32,1
2008-09-12,ruby,29
2008-09-12,x86mswin32,1
2008-09-13,ruby,31
2008-09-13,x86mswin32,1
2008-09-14,ruby,37
2008-09-14,x86mswin32,1
2008-09-15,ruby,33
2008-09-15,x86mswin32,1
2008-09-16,ruby,11
2008-09-17,java,1
2008-09-17,ruby,18
2008-09-18,ruby,21
2008-09-18,universaldarwin,4
2008-09-18,x86mswin32,1
2008-09-19,ruby,16
2008-09-19,universaldarwin,1
2008-09-19,x86mswin32,1
2008-09-20,ruby,15
2008-09-20,x86mswin32,2
2008-09-21,ruby,11
2008-09-22,ruby,9
2008-09-22,x86mswin32,1
2008-09-23,ruby,36
2008-09-24,ruby,31
2008-09-25,ruby,22
2008-09-25,x86mswin32,1
2008-09-26,ruby,21
2008-09-26,x86mswin32,1
2008-09-27,ruby,18
2008-09-28,ruby,31
2008-09-29,ruby,21
2008-09-29,x86mswin32,1
2008-09-30,ruby,28
2008-10-01,ruby,18
2008-10-02,ruby,26
2008-10-02,x86mswin32,1
2008-10-03,ruby,25
2008-10-03,x86linux,1
2008-10-04,ruby,13
2008-10-05,ruby,46
2008-10-06,ruby,84
2008-10-07,ruby,26
2008-10-08,java,1
2008-10-08,ruby,21
2008-10-08,x86mswin32,2
2008-10-09,ruby,30
2008-10-10,ruby,10
2008-10-11,ruby,50
2008-10-11,x86mswin32,1
2008-10-12,ruby,49
2008-10-12,x86mswin32,1
2008-10-13,ruby,41
2008-10-14,ruby,18
2008-10-15,ruby,23
2008-10-16,ruby,13
2008-10-17,ruby,19
2008-10-18,ruby,15
2008-10-19,ruby,15
2008-10-20,ruby,24
2008-10-21,ruby,47
2008-10-21,x86mswin32,1
2008-10-22,ruby,42
2008-10-23,ruby,16
2008-10-24,ruby,17
2008-10-24,x86mingw32,1
2008-10-24,x86mswin32,1
2008-10-25,ruby,10
2008-10-26,ruby,51
2008-10-27,ruby,24
2008-10-27,x86linux,1
2008-10-28,ruby,16
2008-10-29,ruby,52
2008-10-29,x86linux,1
2008-10-29,x86mswin32,1
2008-10-30,java,1
2008-10-30,ruby,48
2008-10-30,x86mswin32,2
2008-10-31,ruby,22
2008-10-31,universaldarwin,1
2008-10-31,x86mswin32,1
2008-11-01,ruby,6
2008-11-01,x86linux,1
2008-11-02,ruby,23
2008-11-03,ruby,44
2008-11-03,universaljava,1
2008-11-03,x86linux,1
2008-11-03,x86mingw32,1
2008-11-03,x86mswin32,1
2008-11-04,ruby,24
2008-11-04,x86mswin32,1
2008-11-05,java,1
2008-11-05,ruby,13
2008-11-05,universaljava,1
2008-11-05,x86mingw32,1
2008-11-05,x86mswin32,1
2008-11-06,ruby,37
2008-11-06,x86linux,1
2008-11-07,ruby,23
2008-11-07,x86mswin32,1
2008-11-08,ruby,35
2008-11-09,ruby,25
2008-11-09,x86mswin32,1
2008-11-10,ruby,15
2008-11-10,x86mswin32,1
2008-11-11,ruby,17
2008-11-11,x86mswin32,2
2008-11-12,ruby,15
2008-11-13,ruby,22
2008-11-14,ruby,23
2008-11-14,x86mswin32,2
2008-11-15,ruby,16
2008-11-16,ruby,17
2008-11-17,ruby,31
2008-11-17,x86mswin32,1
2008-11-18,ruby,62
2008-11-18,x86mswin32,4
2008-11-19,ruby,31
2008-11-19,universaljava,1
2008-11-19,x86mswin32,3
2008-11-20,ruby,20
2008-11-21,java,1
2008-11-21,ruby,34
2008-11-22,ruby,33
2008-11-22,x86mingw32,1
2008-11-22,x86mswin32,2
2008-11-23,ruby,21
2008-11-24,ruby,47
2008-11-24,x86mswin32,2
2008-11-25,ruby,36
2008-11-26,ruby,23
2008-11-27,ruby,33
2008-11-27,x86mswin32,2
2008-11-28,ruby,17
2008-11-29,ruby,18
2008-11-29,x86mswin32,1
2008-11-30,ruby,40
2008-11-30,x86mswin32,2
2008-12-01,ruby,40
2008-12-02,ruby,31
2008-12-02,x86mswin32,1
2008-12-03,ruby,31
2008-12-04,ruby,20
2008-12-04,universaljava,1
2008-12-05,ruby,36
2008-12-05,universaldarwin,1
2008-12-05,x86mswin32,1
2008-12-06,ruby,31
2008-12-07,ruby,55
2008-12-07,x86mswin32,2
2008-12-08,ruby,42
2008-12-08,x86mswin32,1
2008-12-09,ruby,24
2008-12-09,x86mswin32,1
2008-12-10,ruby,25
2008-12-10,x86mingw32,1
2008-12-10,x86mswin32,1
2008-12-11,ruby,15
2008-12-12,ruby,23
2008-12-12,x86mswin32,1
2008-12-13,ruby,22
2008-12-13,x86linux,2
2008-12-13,x86mswin32,1
2008-12-14,ruby,48
2008-12-14,x86_64linux,2
2008-12-15,ruby,38
2008-12-16,ruby,76
2008-12-17,ruby,41
2008-12-18,ruby,30
2008-12-18,x86linux,1
2008-12-18,x86mswin32,1
2008-12-19,ruby,19
2008-12-20,ruby,17
2008-12-20,x86mswin32,2
2008-12-21,ruby,25
2008-12-22,ruby,29
2008-12-22,x86mswin32,1
2008-12-23,ruby,25
2008-12-23,universaldarwin,1
2008-12-23,x86mswin32,1
2008-12-24,ruby,14
2008-12-25,ruby,6
2008-12-26,ruby,7
2008-12-27,ruby,11
2008-12-28,ruby,36
2008-12-29,ruby,44
2008-12-29,universaldarwin,1
2008-12-29,x86mswin32,1
2008-12-30,ruby,24
2008-12-30,x86mswin32,1
2008-12-31,ruby,31
2008-12-31,x86mswin32,1
2009-01-01,ruby,23
2009-01-01,x86mswin32,1
2009-01-02,ruby,28
2009-01-03,ruby,17
2009-01-04,ruby,47
2009-01-04,universaljava,2
2009-01-04,x86mswin32,1
2009-01-05,java,1
2009-01-05,ruby,26
2009-01-06,darwin,2
2009-01-06,ruby,32
2009-01-06,x86linux,2
2009-01-06,x86mswin32,3
2009-01-07,ruby,30
2009-01-07,x86mswin32,1
2009-01-08,ruby,28
2009-01-09,darwin,1
2009-01-09,ruby,25
2009-01-09,universaljava,1
2009-01-09,x86linux,1
2009-01-09,x86mswin32,1
2009-01-10,ruby,17
2009-01-10,x86mswin32,1
2009-01-11,ruby,23
2009-01-11,x86mswin32,1
2009-01-12,ruby,26
2009-01-13,darwin,1
2009-01-13,ruby,34
2009-01-13,x86linux,1
2009-01-13,x86mswin32,3
2009-01-14,darwin,1
2009-01-14,java,1
2009-01-14,ruby,22
2009-01-14,x86linux,1
2009-01-14,x86mswin32,1
2009-01-15,ruby,15
2009-01-16,ruby,47
2009-01-17,ruby,24
2009-01-18,ruby,45
2009-01-18,x86mswin32,4
2009-01-19,ruby,65
2009-01-20,ruby,32
2009-01-20,x86mingw32,1
2009-01-20,x86mswin32,1
2009-01-21,java,1
2009-01-21,ruby,16
2009-01-22,ruby,17
2009-01-23,ruby,23
2009-01-24,ruby,17
2009-01-24,x86mswin32,1
2009-01-25,ruby,27
2009-01-26,darwin,2
2009-01-26,ruby,27
2009-01-26,x86darwin,1
2009-01-26,x86freebsd,1
2009-01-26,x86linux,3
2009-01-26,x86mswin32,3
2009-01-27,ruby,36
2009-01-27,sparcsolaris,1
2009-01-28,darwin,1
2009-01-28,ruby,34
2009-01-28,x86linux,1
2009-01-28,x86mswin32,1
2009-01-29,ruby,35
2009-01-29,x86linux,1
2009-01-30,ruby,11
2009-01-30,universaljava,1
2009-01-30,x86mswin32,1
2009-01-31,ruby,12
2009-02-01,ruby,29
2009-02-02,ruby,19
2009-02-03,ruby,26
2009-02-03,x86mingw32,2
2009-02-04,ruby,15
2009-02-04,universaldarwin,1
2009-02-04,x86darwin,1
2009-02-04,x86linux,2
2009-02-04,x86mswin32,1
2009-02-05,ruby,29
2009-02-05,x86_64linux,1
2009-02-06,ruby,14
2009-02-06,universaldarwin,1
2009-02-06,x86mswin32,1
2009-02-07,ruby,15
2009-02-07,x86mswin32,1
2009-02-08,ruby,28
2009-02-08,x86mswin32,2
2009-02-09,ruby,36
2009-02-10,ruby,28
2009-02-10,x86mswin32,1
2009-02-11,ruby,28
2009-02-12,ruby,34
2009-02-12,x86mswin32,1
2009-02-13,java,1
2009-02-13,ruby,20
2009-02-14,ruby,23
2009-02-15,ruby,30
2009-02-16,ruby,15
2009-02-17,ruby,42
2009-02-18,ruby,31
2009-02-18,x86mswin32,1
2009-02-19,ruby,39
2009-02-19,x86mswin32,2
2009-02-20,ruby,48
2009-02-20,universaljava,2
2009-02-20,x86mswin32,2
2009-02-21,ruby,15
2009-02-22,java,1
2009-02-22,ruby,27
2009-02-22,x86mswin32,1
2009-02-23,java,2
2009-02-23,ruby,43
2009-02-23,x86mswin32,1
2009-02-24,ruby,35
2009-02-25,ruby,30
2009-02-26,ruby,28
2009-02-26,x86mswin32,1
2009-02-27,ruby,23
2009-02-27,universaldarwin,1
2009-02-27,x86linux,2
2009-02-27,x86mingw32,2
2009-02-27,x86mswin32,2
2009-02-28,ruby,16
2009-02-28,x86_64linux,2
2009-02-28,x86darwin,1
2009-02-28,x86mingw32,1
2009-03-01,ruby,19
2009-03-02,ruby,41
2009-03-02,x86mswin32,1
2009-03-03,ruby,32
2009-03-03,x86mingw32,1
2009-03-03,x86mswin32,1
2009-03-04,ruby,37
2009-03-04,x86mswin32,1
2009-03-05,ruby,36
2009-03-05,x86mswin32,1
2009-03-06,ruby,26
2009-03-06,universaldarwin,1
2009-03-07,ruby,25
2009-03-07,x86mswin32,1
2009-03-08,ruby,18
2009-03-08,x86mswin32,1
2009-03-09,ruby,25
2009-03-09,x86mswin32,2
2009-03-10,ruby,28
2009-03-10,x86mswin32,1
2009-03-11,ruby,25
2009-03-11,x86mswin32,3
2009-03-12,ruby,22
2009-03-13,ruby,14
2009-03-13,x86linux,1
2009-03-13,x86mswin32,3
2009-03-14,java,1
2009-03-14,ruby,15
2009-03-14,x86linux,1
2009-03-14,x86mswin32,2
2009-03-15,ruby,33
2009-03-15,universaljava,1
2009-03-15,x86mswin32,1
2009-03-16,ruby,32
2009-03-17,ruby,33
2009-03-17,x86mswin32,3
2009-03-18,ruby,50
2009-03-18,universaldarwin,1
2009-03-19,ruby,31
2009-03-20,java,1
2009-03-20,ruby,30
2009-03-21,ruby,29
2009-03-21,x86mswin32,1
2009-03-22,java,1
2009-03-22,ruby,31
2009-03-22,x86mswin32,1
2009-03-23,java,1
2009-03-23,ruby,45
2009-03-23,x86mswin32,1
2009-03-24,java,1
2009-03-24,ruby,31
2009-03-25,ruby,29
2009-03-25,x86mswin32,2
2009-03-26,ruby,36
2009-03-27,ruby,25
2009-03-28,ruby,34
2009-03-28,x86mswin32,1
2009-03-29,ruby,49
2009-03-29,x86mswin32,1
2009-03-30,ruby,37
2009-03-31,ruby,79
2009-04-01,ruby,26
2009-04-01,x86mswin32,1
2009-04-02,ruby,25
2009-04-03,ruby,14
2009-04-03,x86mswin32,1
2009-04-04,java,1
2009-04-04,ruby,25
2009-04-05,ruby,41
2009-04-05,x86mswin32,2
2009-04-06,ruby,29
2009-04-06,sparcsolaris,1
2009-04-06,x86_64linux,1
2009-04-06,x86mswin32,1
2009-04-07,ruby,24
2009-04-08,ruby,24
2009-04-08,x86darwin,1
2009-04-08,x86freebsd,1
2009-04-09,ruby,22
2009-04-10,ruby,17
2009-04-11,ruby,21
2009-04-12,ruby,24
2009-04-13,ruby,50
2009-04-14,ruby,55
2009-04-15,ruby,29
2009-04-16,java,2
2009-04-16,ruby,42
2009-04-16,universaldarwin,1
2009-04-16,x86mswin32,1
2009-04-17,ruby,42
2009-04-17,x86mswin32,1
2009-04-18,ruby,17
2009-04-18,x86mswin32,1
2009-04-19,ruby,28
2009-04-20,java,1
2009-04-20,ruby,28
2009-04-21,java,1
2009-04-21,ruby,27
2009-04-22,ruby,33
2009-04-23,java,1
2009-04-23,ruby,32
2009-04-24,ruby,31
2009-04-25,ruby,28
2009-04-25,x86mswin32,1
2009-04-26,java,1
2009-04-26,ruby,22
2009-04-27,ruby,34
2009-04-28,ruby,29
2009-04-29,ruby,39
2009-04-30,java,1
2009-04-30,ruby,39
2009-04-30,x86mswin32,1
2009-05-01,ruby,23
2009-05-02,ruby,23
2009-05-03,ruby,30
2009-05-04,ruby,39
2009-05-05,ruby,33
2009-05-05,universaldarwin,1
2009-05-06,java,1
2009-05-06,ruby,47
2009-05-06,x86mswin32,1
2009-05-07,java,1
2009-05-07,ruby,34
2009-05-07,x86mswin32,1
2009-05-08,ruby,32
2009-05-09,ruby,30
2009-05-09,x86linux,1
2009-05-09,x86mswin32,2
2009-05-10,ruby,23
2009-05-11,ruby,32
2009-05-11,universaldarwin,1
2009-05-11,x86mswin32,1
2009-05-12,java,4
2009-05-12,ruby,33
2009-05-13,ruby,25
2009-05-13,universaljava,2
2009-05-14,ruby,37
2009-05-15,ruby,22
2009-05-15,x86mswin32,1
2009-05-16,java,4
2009-05-16,ruby,19
2009-05-16,x86mingw32,3
2009-05-16,x86mswin32,5
2009-05-17,ruby,16
2009-05-18,ruby,37
2009-05-19,ruby,35
2009-05-19,x86mswin32,2
2009-05-20,ruby,33
2009-05-20,x86mswin32,2
2009-05-21,ruby,49
2009-05-22,java,1
2009-05-22,ruby,32
2009-05-22,x86mswin32,1
2009-05-23,ruby,19
2009-05-24,ruby,21
2009-05-25,ruby,48
2009-05-26,ruby,33
2009-05-27,ruby,31
2009-05-28,ruby,28
2009-05-29,ruby,28
2009-05-29,x86mswin32,1
2009-05-30,java,1
2009-05-30,ruby,29
2009-05-31,ruby,26
2009-05-31,x86mswin32,1
2009-06-01,ruby,51
2009-06-01,universaljava,2
2009-06-01,x86mingw32,1
2009-06-01,x86mswin32,2
2009-06-02,ruby,33
2009-06-03,ruby,37
2009-06-04,ruby,42
2009-06-05,ruby,28
2009-06-06,ruby,32
2009-06-07,java,1
2009-06-07,ruby,35
2009-06-07,x86mingw32,1
2009-06-07,x86mswin32,1
2009-06-08,ruby,45
2009-06-09,ruby,38
2009-06-10,ruby,33
2009-06-10,universaljava,1
2009-06-10,x86mswin32,1
2009-06-11,ruby,40
2009-06-11,x86darwin,1
2009-06-11,x86mswin32,1
2009-06-12,ruby,35
2009-06-12,x86mswin32,1
2009-06-13,ruby,35
2009-06-13,x86mswin32,2
2009-06-14,ruby,24
2009-06-15,ruby,42
2009-06-16,ruby,33
2009-06-16,universaljava,1
2009-06-16,x86mswin32,1
2009-06-17,ruby,44
2009-06-18,ruby,42
2009-06-19,ruby,44
2009-06-20,ruby,16
2009-06-21,ruby,30
2009-06-22,java,1
2009-06-22,ruby,31
2009-06-22,x86mingw32,1
2009-06-22,x86mswin32,2
2009-06-23,ruby,65
2009-06-23,x86mswin32,3
2009-06-24,java,1
2009-06-24,ruby,40
2009-06-25,java,1
2009-06-25,ruby,45
2009-06-25,x86mswin32,1
2009-06-26,ruby,26
2009-06-26,x86mswin32,1
2009-06-27,ruby,24
2009-06-28,ruby,27
2009-06-28,universaldarwin,1
2009-06-28,x86mswin32,4
2009-06-29,ruby,33
2009-06-29,x86mswin32,1
2009-06-30,ruby,52
2009-06-30,universaljava,1
2009-06-30,x86mswin32,2
2009-07-01,ruby,23
2009-07-02,ruby,21
2009-07-03,ruby,34
2009-07-03,universaljava,2
2009-07-04,ruby,33
2009-07-05,ruby,25
2009-07-06,ruby,43
2009-07-07,ruby,42
2009-07-08,ruby,42
2009-07-09,ruby,34
2009-07-10,ruby,24
2009-07-11,ruby,28
2009-07-11,x86mswin32,1
2009-07-12,ruby,34
2009-07-13,ruby,23
2009-07-14,ruby,28
2009-07-15,darwin,1
2009-07-15,ruby,42
2009-07-15,x86linux,1
2009-07-15,x86mswin32,1
2009-07-16,ruby,29
2009-07-17,ruby,30
2009-07-18,ruby,22
2009-07-19,ruby,31
2009-07-20,ruby,44
2009-07-21,ruby,45
2009-07-22,ruby,40
2009-07-22,x86mswin32,1
2009-07-23,ruby,25
2009-07-23,x86mswin32,1
2009-07-24,ruby,45
2009-07-24,x86mswin32,1
2009-07-25,ruby,28
2009-07-25,x86mingw32,1
2009-07-25,x86mswin32,2
2009-07-26,ruby,32
2009-07-26,x86mswin32,1
2009-07-27,java,1
2009-07-27,ruby,38
2009-07-28,ruby,46
2009-07-29,ruby,34
2009-07-29,x86mswin32,1
2009-07-30,ruby,33
2009-07-31,ruby,30
2009-08-01,ruby,35
2009-08-01,x86mingw32,2
2009-08-01,x86mswin32,2
2009-08-02,ruby,33
2009-08-02,x86mingw32,1
2009-08-02,x86mswin32,1
2009-08-03,ruby,29
2009-08-03,universaljava,1
2009-08-04,java,1
2009-08-04,ruby,47
2009-08-04,x86mswin32,1
2009-08-05,ruby,44
2009-08-05,x86mswin32,1
2009-08-06,ruby,45
2009-08-07,ruby,26
2009-08-08,ruby,42
2009-08-09,ruby,37
2009-08-10,ruby,39
2009-08-10,x86mingw32,1
2009-08-10,x86mswin32,1
2009-08-11,ruby,35
2009-08-12,java,1
2009-08-12,ruby,40
2009-08-13,ruby,54
2009-08-14,ruby,34
2009-08-14,x86mingw32,2
2009-08-15,ruby,21
2009-08-16,ruby,13
2009-08-17,java,1
2009-08-17,ruby,36
2009-08-18,ruby,51
2009-08-18,x86mswin32,1
2009-08-19,ruby,59
2009-08-19,x86mswin32,2
2009-08-20,ruby,51
2009-08-21,ruby,34
2009-08-21,x86mingw32,1
2009-08-21,x86mswin32,1
2009-08-22,darwin,2
2009-08-22,ruby,22
2009-08-22,x86linux,3
2009-08-22,x86mswin32,2
2009-08-23,ruby,26
2009-08-23,x86mingw32,1
2009-08-23,x86mswin32,1
2009-08-24,java,1
2009-08-24,ruby,51
2009-08-24,x86mswin32,1
2009-08-25,ruby,61
2009-08-26,ruby,53
2009-08-27,ruby,22
2009-08-28,ruby,29
2009-08-29,ruby,24
2009-08-30,ruby,56
2009-08-30,x86mswin32,3
2009-08-31,ruby,43
2009-09-01,ruby,43
2009-09-01,x86mswin32,1
2009-09-02,ruby,44
2009-09-03,ruby,53
2009-09-04,ruby,35
2009-09-05,ruby,24
2009-09-05,x86mswin32,2
2009-09-06,ruby,19
2009-09-06,x86mingw32,1
2009-09-06,x86mswin32,1
2009-09-07,ruby,28
2009-09-07,x86linux,2
2009-09-07,x86mingw32,1
2009-09-08,ruby,47
2009-09-08,universaldarwin,1
2009-09-08,x86darwin,1
2009-09-08,x86linux,1
2009-09-08,x86mingw32,1
2009-09-08,x86mswin32,4
2009-09-09,java,1
2009-09-09,ruby,22
2009-09-09,x86mingw32,1
2009-09-10,ruby,66
2009-09-10,x86mswin32,1
2009-09-11,ruby,25
2009-09-12,ruby,35
2009-09-12,universaldarwin,1
2009-09-12,x86mswin32,2
2009-09-13,ruby,34
2009-09-14,ruby,31
2009-09-14,x86mingw32,1
2009-09-15,ruby,72
2009-09-15,x86mingw32,3
2009-09-15,x86mswin32,3
2009-09-16,java,4
2009-09-16,ruby,73
2009-09-17,ruby,38
2009-09-17,x86mswin32,1
2009-09-18,ruby,33
2009-09-19,java,3
2009-09-19,ruby,21
2009-09-19,universaljava,1
2009-09-20,ruby,29
2009-09-21,ruby,64
2009-09-21,x86mswin32,1
2009-09-22,ruby,54
2009-09-23,ruby,55
2009-09-24,ruby,46
2009-09-24,universaldarwin,1
2009-09-24,x86mswin32,1
2009-09-25,ruby,58
2009-09-26,ruby,35
2009-09-27,ruby,60
2009-09-28,ruby,51
2009-09-29,ruby,82
2009-09-30,ruby,119
2009-09-30,x86mswin32,1
2009-10-01,ruby,158
2009-10-02,ruby,88
2009-10-02,x86mswin32,1
2009-10-03,ruby,77
2009-10-04,ruby,87
2009-10-05,java,1
2009-10-05,ruby,108
2009-10-05,universaldarwin,1
2009-10-05,x86mingw32,1
2009-10-05,x86mswin32,2
2009-10-06,ruby,139
2009-10-06,x86mswin32,1
2009-10-07,darwin,1
2009-10-07,java,1
2009-10-07,ruby,145
2009-10-07,x86linux,1
2009-10-07,x86mswin32,2
2009-10-08,ruby,150
2009-10-09,ruby,108
2009-10-10,ruby,124
2009-10-11,ruby,137
2009-10-11,x86linux,1
2009-10-12,ruby,130
2009-10-12,x86mswin32,1
2009-10-13,ruby,134
2009-10-14,ruby,125
2009-10-14,x86darwin,1
2009-10-15,ruby,129
2009-10-15,universaldarwin,1
2009-10-15,x86darwin,1
2009-10-15,x86freebsd,2
2009-10-15,x86mswin32,4
2009-10-15,x86solaris,2
2009-10-16,java,1
2009-10-16,ruby,128
2009-10-16,x86mswin32,1
2009-10-17,ruby,85
2009-10-17,universaldarwin,2
2009-10-18,ruby,122
2009-10-18,universaldarwin,3
2009-10-18,x86mingw32,1
2009-10-18,x86mswin32,1
2009-10-19,ruby,100
2009-10-20,ruby,127
2009-10-20,x86mswin32,4
2009-10-21,java,1
2009-10-21,ruby,106
2009-10-22,java,1
2009-10-22,ruby,108
2009-10-23,ruby,97
2009-10-23,universaldarwin,1
2009-10-24,ruby,77
2009-10-25,java,1
2009-10-25,ruby,83
2009-10-25,x86mswin32,2
2009-10-26,ruby,142
2009-10-26,x86_64linux,1
2009-10-26,x86cygwin,1
2009-10-27,java,1
2009-10-27,ruby,179
2009-10-27,x86darwin,1
2009-10-27,x86mswin32,1
2009-10-28,darwin,4
2009-10-28,java,2
2009-10-28,ruby,183
2009-10-28,x86darwin,2
2009-10-28,x86linux,5
2009-10-28,x86mswin32,5
2009-10-29,darwin,1
2009-10-29,java,1
2009-10-29,ruby,159
2009-10-29,x86linux,1
2009-10-29,x86mswin32,1
2009-10-30,java,1
2009-10-30,ruby,110
2009-10-30,x86darwin,1
2009-10-30,x86linux,1
2009-10-30,x86mingw32,2
2009-10-30,x86mswin32,3
2009-10-31,ruby,99
2009-10-31,universaldarwin,1
2009-10-31,x86mswin32,2
2009-11-01,java,1
2009-11-01,ruby,92
2009-11-01,universaldarwin,1
2009-11-01,x86mswin32,4
2009-11-02,java,2
2009-11-02,ruby,164
2009-11-03,java,2
2009-11-03,ruby,166
2009-11-04,java,1
2009-11-04,ruby,180
2009-11-05,java,1
2009-11-05,ruby,157
2009-11-05,x86mswin32,1
2009-11-06,ruby,156
2009-11-07,ruby,111
2009-11-07,x86mswin32,1
2009-11-08,java,1
2009-11-08,ruby,123
2009-11-09,java,1
2009-11-09,ruby,138
2009-11-09,universaldarwin,1
2009-11-09,x86linux,1
2009-11-09,x86mingw32,1
2009-11-09,x86mswin32,1
2009-11-10,java,2
2009-11-10,ruby,148
2009-11-11,java,2
2009-11-11,ruby,122
2009-11-11,x86mswin32,1
2009-11-12,ruby,130
2009-11-12,x86mswin32,1
2009-11-13,java,1
2009-11-13,ruby,129
2009-11-14,ruby,99
2009-11-15,ruby,134
2009-11-16,java,1
2009-11-16,ruby,139
2009-11-16,x86mswin32,3
2009-11-17,java,1
2009-11-17,ruby,180
2009-11-18,java,1
2009-11-18,ruby,176
2009-11-18,x86mswin32,2
2009-11-19,java,1
2009-11-19,ruby,157
2009-11-19,x86mingw32,1
2009-11-19,x86mswin32,1
2009-11-20,java,1
2009-11-20,ruby,108
2009-11-21,ruby,112
2009-11-22,ruby,91
2009-11-23,java,2
2009-11-23,ruby,185
2009-11-23,x86darwin,1
2009-11-23,x86linux,1
2009-11-24,ruby,151
2009-11-24,universaljava,1
2009-11-25,ruby,131
2009-11-25,x86mswin32,1
2009-11-26,ruby,82
2009-11-27,java,2
2009-11-27,ruby,86
2009-11-27,universaldarwin,1
2009-11-27,universaljava,1
2009-11-27,x86mingw32,2
2009-11-27,x86mswin32,2
2009-11-28,ruby,83
2009-11-28,universaljava,1
2009-11-28,x86darwin,1
2009-11-29,ruby,77
2009-11-29,x86darwin,2
2009-11-30,java,1
2009-11-30,ruby,177
2009-11-30,universaljava,1
2009-11-30,x86darwin,1
2009-11-30,x86mingw32,1
2009-11-30,x86mswin32,1
2009-12-01,ruby,149
2009-12-01,universaljava,1
2009-12-01,x86mingw32,1
2009-12-01,x86mswin32,1
2009-12-02,ruby,128
2009-12-03,java,1
2009-12-03,ruby,167
2009-12-03,x86linux,1
2009-12-04,ruby,130
2009-12-04,x86mingw32,1
2009-12-04,x86mswin32,1
2009-12-05,ruby,83
2009-12-05,x86mswin32,2
2009-12-06,ruby,105
2009-12-06,x86darwin,1
2009-12-06,x86mswin32,1
2009-12-07,ruby,151
2009-12-08,ruby,125
2009-12-08,x86mswin32,1
2009-12-09,ruby,109
2009-12-10,java,2
2009-12-10,ruby,155
2009-12-10,universaljava,1
2009-12-10,x86mingw32,2
2009-12-10,x86mswin32,2
2009-12-11,ruby,143
2009-12-12,ruby,80
2009-12-12,x86mswin32,1
2009-12-13,ruby,105
2009-12-14,ruby,147
2009-12-14,x86mingw32,1
2009-12-15,ruby,154
2009-12-16,ruby,127
2009-12-17,ruby,121
2009-12-18,ruby,106
2009-12-19,ruby,81
2009-12-19,x86darwin,1
2009-12-19,x86linux,1
2009-12-19,x86mswin32,1
2009-12-20,java,1
2009-12-20,ruby,80
2009-12-21,java,1
2009-12-21,ruby,128
2009-12-21,universaldarwin,1
2009-12-22,java,1
2009-12-22,ruby,128
2009-12-22,universaljava,2
2009-12-23,java,1
2009-12-23,ruby,106
2009-12-24,ruby,81
2009-12-24,x86mswin32,1
2009-12-25,ruby,72
2009-12-26,ruby,73
2009-12-26,unknown,1
2009-12-27,java,1
2009-12-27,ruby,93
2009-12-28,java,1
2009-12-28,ruby,105
2009-12-28,universaldarwin,1
2009-12-28,x86mswin32,1
2009-12-29,java,5
2009-12-29,ruby,116
2009-12-29,x86mingw32,2
2009-12-29,x86mswin32,2
2009-12-30,ruby,124
2009-12-30,x86mingw32,1
2009-12-31,ruby,84
2010-01-01,ruby,92
2010-01-01,x86mingw32,1
2010-01-02,java,1
2010-01-02,ruby,128
2010-01-03,ruby,86
2010-01-03,x86mingw32,1
2010-01-04,ruby,129
2010-01-04,universaldarwin,1
2010-01-04,x86mswin32,3
2010-01-05,ruby,167
2010-01-06,ruby,180
2010-01-07,ruby,117
2010-01-08,java,9
2010-01-08,ruby,101
2010-01-08,x86mingw32,4
2010-01-08,x86mswin32,4
2010-01-09,ruby,121
2010-01-10,java,1
2010-01-10,ruby,166
2010-01-11,ruby,162
2010-01-11,universaldarwin,1
2010-01-11,x86mswin32,1
2010-01-12,ruby,160
2010-01-13,ruby,183
2010-01-13,x86mswin32,1
2010-01-14,ruby,171
2010-01-15,ruby,144
2010-01-15,x86mingw32,1
2010-01-15,x86mswin32,1
2010-01-16,ruby,110
2010-01-17,java,1
2010-01-17,ruby,111
2010-01-17,x86mingw32,2
2010-01-17,x86mswin32,2
2010-01-18,ruby,144
2010-01-18,x86mingw32,3
2010-01-18,x86mswin32,3
2010-01-19,ruby,152
2010-01-19,universaljava,2
2010-01-19,x86mingw32,1
2010-01-19,x86mswin32,1
2010-01-20,ruby,148
2010-01-20,x86mswin32,1
2010-01-21,ruby,131
2010-01-21,universaljava,2
2010-01-22,ruby,143
2010-01-22,x86mswin32,5
2010-01-23,ruby,110
2010-01-23,x86mingw32,1
2010-01-23,x86mswin32,6
2010-01-24,java,1
2010-01-24,ruby,130
2010-01-24,x86mingw32,1
2010-01-24,x86mswin32,1
2010-01-25,ruby,162
2010-01-25,x86mingw32,1
2010-01-25,x86mswin32,1
2010-01-26,ruby,153
2010-01-27,java,1
2010-01-27,ruby,126
2010-01-27,x86mswin32,1
2010-01-28,ruby,127
2010-01-28,universaljava,1
2010-01-29,ruby,117
2010-01-29,x86mingw32,1
2010-01-30,java,1
2010-01-30,ruby,110
2010-01-30,x86mingw32,1
2010-01-30,x86mswin32,1
2010-01-31,ruby,101
2010-02-01,java,4
2010-02-01,ruby,143
2010-02-01,universaljava,1
2010-02-01,x86mswin32,3
2010-02-02,ruby,183
2010-02-02,x86mingw32,1
2010-02-02,x86mswin32,1
2010-02-03,java,1
2010-02-03,ruby,165
2010-02-03,universaljava,1
2010-02-04,ruby,184
2010-02-04,x86mingw32,1
2010-02-04,x86mswin32,1
2010-02-05,ruby,124
2010-02-05,x86darwin,2
2010-02-06,ruby,143
2010-02-07,ruby,121
2010-02-08,ruby,142
2010-02-08,x86darwin,2
2010-02-09,java,2
2010-02-09,ruby,129
2010-02-09,universaljava,1
2010-02-09,x86_64linux,2
2010-02-09,x86linux,1
2010-02-09,x86mingw32,1
2010-02-09,x86mswin32,2
2010-02-10,java,1
2010-02-10,ruby,176
2010-02-11,ruby,130
2010-02-12,ruby,139
2010-02-12,x86mswin32,1
2010-02-13,ruby,106
2010-02-14,ruby,125
2010-02-14,x86mswin32,1
2010-02-15,darwin,1
2010-02-15,java,1
2010-02-15,ruby,160
2010-02-15,x86darwin,1
2010-02-15,x86linux,1
2010-02-15,x86mswin32,1
2010-02-16,java,1
2010-02-16,ruby,134
2010-02-16,x86_64linux,2
2010-02-16,x86darwin,4
2010-02-16,x86linux,2
2010-02-17,ruby,174
2010-02-17,x86darwin,2
2010-02-17,x86mswin32,1
2010-02-18,ruby,167
2010-02-18,x86mingw32,2
2010-02-18,x86mswin32,4
2010-02-19,ruby,162
2010-02-19,x86mingw32,1
2010-02-19,x86mswin32,1
2010-02-20,ruby,133
2010-02-20,universaldarwin,1
2010-02-21,ruby,102
2010-02-22,ruby,162
2010-02-23,darwin,2
2010-02-23,java,7
2010-02-23,ruby,173
2010-02-23,x86darwin,1
2010-02-23,x86linux,1
2010-02-23,x86mswin32,2
2010-02-24,darwin,1
2010-02-24,ruby,149
2010-02-24,x86darwin,1
2010-02-24,x86linux,1
2010-02-24,x86mingw32,1
2010-02-24,x86mswin32,2
2010-02-25,darwin,1
2010-02-25,java,3
2010-02-25,ruby,205
2010-02-25,x86darwin,1
2010-02-25,x86linux,1
2010-02-25,x86mingw32,2
2010-02-25,x86mswin32,3
2010-02-26,darwin,1
2010-02-26,ruby,124
2010-02-26,x86darwin,2
2010-02-26,x86linux,1
2010-02-26,x86mingw32,2
2010-02-26,x86mswin32,3
2010-02-27,ruby,93
2010-02-27,x86mingw32,2
2010-02-27,x86mswin32,1
2010-02-28,ruby,139
2010-02-28,universaldarwin,1
2010-02-28,universaljava,1
2010-02-28,x86linux,1
2010-02-28,x86mingw32,1
2010-02-28,x86mswin32,1
2010-03-01,java,2
2010-03-01,ruby,182
2010-03-01,universaljava,1
2010-03-01,x86mingw32,3
2010-03-01,x86mswin32,3
2010-03-02,ruby,182
2010-03-03,darwin,4
2010-03-03,ruby,162
2010-03-03,x86darwin,4
2010-03-03,x86linux,4
2010-03-03,x86mswin32,4
2010-03-04,ruby,145
2010-03-05,ruby,129
2010-03-06,java,11
2010-03-06,ruby,93
2010-03-06,universaldarwin,1
2010-03-07,java,2
2010-03-07,ruby,154
2010-03-07,universal.net,1
2010-03-07,universalunknown,1
2010-03-07,x86mingw32,1
2010-03-07,x86mswin32,1
2010-03-08,ruby,188
2010-03-08,universalunknown,1
2010-03-08,x86mingw32,2
2010-03-08,x86mswin32,1
2010-03-09,java,1
2010-03-09,ruby,162
2010-03-09,x86mingw32,1
2010-03-09,x86mswin32,1
2010-03-10,darwin,1
2010-03-10,ruby,173
2010-03-10,x86darwin,1
2010-03-10,x86linux,1
2010-03-10,x86mingw32,1
2010-03-10,x86mswin32,2
2010-03-11,java,8
2010-03-11,ruby,159
2010-03-11,x86mingw32,1
2010-03-11,x86mswin32,1
2010-03-12,java,1
2010-03-12,ruby,119
2010-03-12,x86mingw32,2
2010-03-12,x86mswin32,3
2010-03-13,java,1
2010-03-13,ruby,87
2010-03-13,x86mingw32,1
2010-03-13,x86mswin32,1
2010-03-14,java,1
2010-03-14,ruby,124
2010-03-14,universaljava,1
2010-03-14,x86mingw32,1
2010-03-14,x86mswin32,1
2010-03-15,ruby,182
2010-03-15,x86mingw32,1
2010-03-15,x86mswin32,1
2010-03-16,ruby,138
2010-03-16,x86mswin32,1
2010-03-17,ruby,177
2010-03-17,x86mingw32,2
2010-03-17,x86mswin32,2
2010-03-18,ruby,124
2010-03-18,x86mingw32,3
2010-03-18,x86mswin32,3
2010-03-19,ruby,102
2010-03-20,ruby,89
2010-03-20,x86mingw32,1
2010-03-21,ruby,133
2010-03-21,x86mingw32,1
2010-03-21,x86mswin32,1
2010-03-22,ruby,181
2010-03-22,x86mswin32,1
2010-03-23,java,1
2010-03-23,ruby,173
2010-03-24,java,1
2010-03-24,ruby,118
2010-03-24,x86mswin32,1
2010-03-25,ruby,139
2010-03-25,x86_64linux,1
2010-03-25,x86mingw32,2
2010-03-26,java,2
2010-03-26,ruby,110
2010-03-27,ruby,103
2010-03-27,universaljava,1
2010-03-28,ruby,101
2010-03-28,universaljava,1
2010-03-29,java,2
2010-03-29,ruby,170
2010-03-29,universaldotnet,1
2010-03-29,x86mingw32,2
2010-03-29,x86mswin32,2
2010-03-30,java,2
2010-03-30,ruby,185
2010-03-30,x86mingw32,1
2010-03-30,x86mswin32,1
2010-03-31,ruby,134
2010-03-31,x86mingw32,2
2010-03-31,x86mswin32,2
2010-04-01,darwin,1
2010-04-01,ruby,154
2010-04-01,x86darwin,1
2010-04-01,x86linux,1
2010-04-01,x86mingw32,1
2010-04-01,x86mswin32,2
2010-04-02,ruby,121
2010-04-03,java,1
2010-04-03,ruby,83
2010-04-04,ruby,102
2010-04-05,java,7
2010-04-05,ruby,171
2010-04-05,x86mingw32,1
2010-04-05,x86mswin32,1
2010-04-06,java,2
2010-04-06,ruby,154
2010-04-06,x86mingw32,1
2010-04-06,x86mswin32,1
2010-04-07,java,2
2010-04-07,ruby,169
2010-04-07,x86mingw32,2
2010-04-07,x86mswin32,2
2010-04-08,ruby,165
2010-04-08,universaljava,1
2010-04-09,java,1
2010-04-09,ruby,102
2010-04-09,x86mingw32,1
2010-04-09,x86mswin32,1
2010-04-10,darwin,2
2010-04-10,java,2
2010-04-10,ruby,90
2010-04-10,x86darwin,2
2010-04-10,x86linux,2
2010-04-10,x86mingw32,2
2010-04-10,x86mswin32,4
2010-04-11,java,1
2010-04-11,ruby,94
2010-04-11,x86mingw32,1
2010-04-11,x86mswin32,1
2010-04-12,ruby,158
2010-04-13,java,1
2010-04-13,ruby,178
2010-04-13,x86mswin32,1
2010-04-14,ruby,132
2010-04-15,java,2
2010-04-15,ruby,169
2010-04-15,x86mingw32,2
2010-04-15,x86mswin32,2
2010-04-16,ruby,122
2010-04-16,universaldarwin,2
2010-04-17,java,3
2010-04-17,ruby,96
2010-04-17,x86linux,1
2010-04-17,x86mingw32,3
2010-04-17,x86mswin32,3
2010-04-18,ruby,102
2010-04-19,java,3
2010-04-19,ruby,153
2010-04-19,x86mingw32,5
2010-04-19,x86mswin32,3
2010-04-20,java,1
2010-04-20,ruby,158
2010-04-20,x86mingw32,1
2010-04-20,x86mswin32,1
2010-04-21,java,5
2010-04-21,ruby,164
2010-04-21,x86linux,3
2010-04-21,x86mingw32,8
2010-04-21,x86mswin32,7
2010-04-22,java,11
2010-04-22,ruby,153
2010-04-22,x86mingw32,5
2010-04-22,x86mswin32,5
2010-04-23,java,2
2010-04-23,ruby,96
2010-04-23,universaljava,1
2010-04-23,x86linux,3
2010-04-23,x86mingw32,1
2010-04-24,ruby,97
2010-04-24,universaldarwin,1
2010-04-24,x86mingw32,2
2010-04-24,x86mswin32,2
2010-04-25,java,1
2010-04-25,ruby,117
2010-04-25,universaljava,1
2010-04-25,x86mingw32,1
2010-04-25,x86mswin32,1
2010-04-26,ruby,172
2010-04-26,x86mingw32,3
2010-04-26,x86mswin32,3
2010-04-27,java,1
2010-04-27,ruby,178
2010-04-27,x86mingw32,2
2010-04-27,x86mswin32,4
2010-04-28,java,1
2010-04-28,ruby,181
2010-04-28,universaljava,1
2010-04-28,x86mingw32,1
2010-04-28,x86mswin32,1
2010-04-29,ruby,146
2010-04-30,ruby,118
2010-04-30,x86linux,1
2010-04-30,x86mingw32,1
2010-04-30,x86mswin32,1
2010-05-01,java,2
2010-05-01,ruby,102
2010-05-01,x86mingw32,2
2010-05-01,x86mswin32,2
2010-05-02,ruby,117
2010-05-02,x86mswin32,3
2010-05-03,ruby,145
2010-05-04,java,1
2010-05-04,ruby,145
2010-05-04,x86mingw32,2
2010-05-04,x86mswin32,1
2010-05-05,java,8
2010-05-05,ruby,133
2010-05-06,ruby,149
2010-05-06,universaljava,1
2010-05-07,ruby,115
2010-05-07,x86mingw32,2
2010-05-07,x86mswin32,2
2010-05-08,java,4
2010-05-08,ruby,77
2010-05-08,x86mingw32,2
2010-05-08,x86mswin32,2
2010-05-09,ruby,88
2010-05-09,x86mingw32,1
2010-05-09,x86mswin32,1
2010-05-10,ruby,162
2010-05-10,x86mingw32,1
2010-05-10,x86mswin32,2
2010-05-11,ruby,134
2010-05-11,x86mswin32,1
2010-05-12,ruby,121
2010-05-13,java,4
2010-05-13,ruby,117
2010-05-13,universaldotnet,4
2010-05-14,ruby,97
2010-05-14,x86linux,1
2010-05-15,java,3
2010-05-15,mipsallegrexelunknown,1
2010-05-15,ruby,72
2010-05-15,x86linux,1
2010-05-15,x86mingw32,1
2010-05-15,x86mswin32,2
2010-05-16,mipsallegrexelunknown,1
2010-05-16,ruby,87
2010-05-17,java,3
2010-05-17,ruby,157
2010-05-17,x86mingw32,3
2010-05-17,x86mswin32,3
2010-05-18,java,9
2010-05-18,ruby,161
2010-05-18,universaldotnet,1
2010-05-18,x86mingw32,4
2010-05-18,x86mswin32,4
2010-05-19,java,1
2010-05-19,ruby,210
2010-05-19,universaldotnet,1
2010-05-19,x86mingw32,1
2010-05-19,x86mswin32,1
2010-05-20,ruby,122
2010-05-21,ruby,102
2010-05-21,x86mingw32,1
2010-05-22,java,2
2010-05-22,ruby,92
2010-05-22,x86mingw32,2
2010-05-22,x86mswin32,2
2010-05-23,ruby,100
2010-05-24,java,1
2010-05-24,ruby,164
2010-05-25,java,8
2010-05-25,ruby,149
2010-05-25,x86mingw32,1
2010-05-25,x86mswin32,1
2010-05-26,ruby,141
2010-05-26,x86mingw32,2
2010-05-26,x86mswin32,3
2010-05-27,ruby,210
2010-05-28,darwin,1
2010-05-28,ruby,95
2010-05-28,x86darwin,1
2010-05-28,x86linux,1
2010-05-28,x86mswin32,1
2010-05-29,ruby,95
2010-05-29,universaldarwin,1
2010-05-29,x86mingw32,1
2010-05-30,ruby,105
2010-05-31,ruby,116
2010-06-01,ruby,149
2010-06-01,x86linux,1
2010-06-02,ruby,154
2010-06-02,x86mingw32,2
2010-06-02,x86mswin32,2
2010-06-03,java,1
2010-06-03,ruby,130
2010-06-04,ruby,112
2010-06-05,ruby,71
2010-06-06,ruby,122
2010-06-06,x86mingw32,3
2010-06-06,x86mswin32,3
2010-06-07,ruby,200
2010-06-07,x86mingw32,1
2010-06-07,x86mswin32,1
2010-06-08,ruby,217
2010-06-08,x86mingw32,3
2010-06-08,x86mswin32,2
2010-06-09,java,1
2010-06-09,ruby,143
2010-06-09,x86mingw32,1
2010-06-09,x86mswin32,1
2010-06-10,ruby,171
2010-06-11,ruby,135
2010-06-12,ruby,115
2010-06-12,universaldarwin,1
2010-06-12,x86mingw32,1
2010-06-13,ruby,133
2010-06-14,java,2
2010-06-14,ruby,162
2010-06-14,universaldotnet,2
2010-06-14,x86mingw32,2
2010-06-14,x86mswin32,2
2010-06-15,java,2
2010-06-15,ruby,130
2010-06-15,universaldotnet,1
2010-06-15,x86mingw32,1
2010-06-15,x86mswin32,1
2010-06-16,ruby,136
2010-06-16,universaldarwin,1
2010-06-16,x86mingw32,1
2010-06-17,ruby,140
2010-06-18,java,1
2010-06-18,ruby,106
2010-06-18,x86mswin32,1
2010-06-19,ruby,96
2010-06-19,x86_64linux,1
2010-06-19,x86linux,1
2010-06-19,x86mingw32,1
2010-06-20,ruby,100
2010-06-21,java,1
2010-06-21,mipsallegrexelunknown,2
2010-06-21,ruby,169
2010-06-21,x86linux,1
2010-06-21,x86mingw32,1
2010-06-21,x86mswin32,1
2010-06-22,darwin,1
2010-06-22,ruby,155
2010-06-22,x86darwin,1
2010-06-22,x86linux,1
2010-06-22,x86mswin32,1
2010-06-23,java,1
2010-06-23,ruby,156
2010-06-24,ruby,133
2010-06-25,ruby,91
2010-06-25,x86mingw32,1
2010-06-26,ruby,51
2010-06-27,ruby,132
2010-06-28,ruby,148
2010-06-28,x86mingw32,1
2010-06-28,x86mswin32,1
2010-06-29,ruby,168
2010-06-30,ruby,149
2010-07-01,java,1
2010-07-01,ruby,126
2010-07-02,ruby,122
2010-07-03,ruby,72
2010-07-03,x86mingw32,1
2010-07-03,x86mswin32,1
2010-07-04,ruby,105
2010-07-05,ruby,130
2010-07-05,x86mingw32,1
2010-07-05,x86mswin32,1
2010-07-06,ruby,189
2010-07-07,java,1
2010-07-07,ruby,161
2010-07-07,x86mswin32,1
2010-07-08,java,1
2010-07-08,ruby,157
2010-07-08,universaljava,1
2010-07-09,java,2
2010-07-09,ruby,126
2010-07-10,ruby,114
2010-07-10,x86mingw32,2
2010-07-10,x86mswin32,2
2010-07-11,java,2
2010-07-11,ruby,113
2010-07-11,universaldotnet,2
2010-07-11,x86mingw32,2
2010-07-11,x86mswin32,2
2010-07-12,java,1
2010-07-12,ruby,159
2010-07-12,universaldotnet,1
2010-07-12,x86mingw32,1
2010-07-12,x86mswin32,1
2010-07-13,java,2
2010-07-13,ruby,149
2010-07-13,universaldotnet,2
2010-07-13,x86mingw32,2
2010-07-13,x86mswin32,2
2010-07-14,java,1
2010-07-14,ruby,175
2010-07-14,x86mingw32,3
2010-07-14,x86mswin32,6
2010-07-15,ruby,183
2010-07-15,x86mingw32,1
2010-07-15,x86mswin32,4
2010-07-16,java,1
2010-07-16,ruby,134
2010-07-16,universaldotnet,1
2010-07-16,x86mingw32,1
2010-07-16,x86mswin32,1
2010-07-17,ruby,87
2010-07-18,java,1
2010-07-18,ruby,138
2010-07-19,ruby,156
2010-07-19,x86mingw32,3
2010-07-19,x86mswin32,2
2010-07-20,java,9
2010-07-20,ruby,202
2010-07-20,x86mingw32,3
2010-07-20,x86mswin32,3
2010-07-21,ruby,184
2010-07-22,ruby,166
2010-07-23,ruby,135
2010-07-23,x86mingw32,1
2010-07-23,x86mswin32,1
2010-07-24,ruby,86
2010-07-24,x86mingw32,3
2010-07-24,x86mswin32,3
2010-07-25,java,2
2010-07-25,ruby,124
2010-07-25,universaldotnet,1
2010-07-25,x86mingw32,1
2010-07-25,x86mswin32,1
2010-07-26,java,5
2010-07-26,ruby,174
2010-07-26,x86mingw32,1
2010-07-26,x86mswin32,1
2010-07-27,java,1
2010-07-27,ruby,145
2010-07-27,x86mingw32,1
2010-07-28,java,2
2010-07-28,ruby,185
2010-07-28,x86mingw32,4
2010-07-28,x86mswin32,3
2010-07-29,java,1
2010-07-29,ruby,194
2010-07-29,x86mingw32,1
2010-07-29,x86mswin32,1
2010-07-30,java,3
2010-07-30,ruby,119
2010-07-30,universaldotnet,1
2010-07-30,x86mingw32,1
2010-07-30,x86mswin32,1
2010-07-31,ruby,68
2010-08-01,ruby,124
2010-08-02,ruby,158
2010-08-03,java,1
2010-08-03,ruby,162
2010-08-04,ruby,119
2010-08-05,java,1
2010-08-05,ruby,136
2010-08-05,x86mingw32,2
2010-08-05,x86mswin32,1
2010-08-06,java,1
2010-08-06,ruby,127
2010-08-06,x86mingw32,1
2010-08-06,x86mswin32,1
2010-08-07,java,3
2010-08-07,ruby,88
2010-08-08,ruby,151
2010-08-08,x86mingw32,1
2010-08-08,x86mswin32,1
2010-08-09,java,1
2010-08-09,ruby,167
2010-08-09,universaljava,1
2010-08-10,ruby,191
2010-08-10,universaldarwin,1
2010-08-11,ruby,202
2010-08-11,x86linux,1
2010-08-12,java,2
2010-08-12,ruby,170
2010-08-12,x86mswin32,1
2010-08-13,linux,1
2010-08-13,ruby,106
2010-08-13,x86mingw32,2
2010-08-13,x86mswin32,2
2010-08-14,ruby,104
2010-08-15,ruby,138
2010-08-15,x86mingw32,2
2010-08-15,x86mswin32,2
2010-08-16,ruby,193
2010-08-17,ruby,229
2010-08-17,x86linux,1
2010-08-17,x86mswin32,1
2010-08-18,java,1
2010-08-18,linux,1
2010-08-18,ruby,179
2010-08-19,ruby,183
2010-08-20,ruby,123
2010-08-20,x86mingw32,1
2010-08-20,x86mswin32,2
2010-08-21,java,1
2010-08-21,ruby,115
2010-08-22,ruby,155
2010-08-22,universaldarwin,1
2010-08-22,x86mingw32,1
2010-08-23,java,1
2010-08-23,ruby,198
2010-08-24,java,1
2010-08-24,ruby,179
2010-08-24,x86mingw32,1
2010-08-24,x86mswin32,1
2010-08-25,java,1
2010-08-25,ruby,179
2010-08-25,x86mingw32,1
2010-08-26,ruby,145
2010-08-26,x86mingw32,1
2010-08-27,ruby,145
2010-08-27,x86mingw32,1
2010-08-28,ruby,117
2010-08-28,x86mingw32,2
2010-08-28,x86mswin32,2
2010-08-29,java,1
2010-08-29,ruby,187
2010-08-29,x86_64linux,2
2010-08-29,x86darwin,1
2010-08-29,x86linux,1
2010-08-30,java,3
2010-08-30,ruby,174
2010-08-30,universaljava,1
2010-08-30,x86_64linux,1
2010-08-31,java,9
2010-08-31,ruby,201
2010-08-31,x86mingw32,2
2010-08-31,x86mswin32,2
2010-09-01,java,7
2010-09-01,linux,1
2010-09-01,ruby,203
2010-09-02,ruby,214
2010-09-03,ruby,160
2010-09-04,ruby,102
2010-09-05,ruby,145
2010-09-06,java,1
2010-09-06,ruby,113
2010-09-06,x86mingw32,1
2010-09-06,x86mswin32,1
2010-09-07,ruby,260
2010-09-07,universaldarwin,1
2010-09-07,x86mingw32,1
2010-09-08,java,3
2010-09-08,ruby,182
2010-09-08,x86mswin32,1
2010-09-09,java,1
2010-09-09,ruby,187
2010-09-10,ruby,128
2010-09-11,ruby,95
2010-09-11,x86mingw32,1
2010-09-12,java,1
2010-09-12,ruby,135
2010-09-12,universaldotnet,1
2010-09-12,x86mingw32,3
2010-09-12,x86mswin32,3
2010-09-13,ruby,185
2010-09-14,java,1
2010-09-14,ruby,191
2010-09-14,universaljava,1
2010-09-15,ruby,177
2010-09-15,x86mingw32,1
2010-09-16,java,1
2010-09-16,ruby,158
2010-09-16,universaljava,1
2010-09-16,x86mswin32,1
2010-09-17,ruby,115
2010-09-18,java,1
2010-09-18,ruby,82
2010-09-18,universaljava,1
2010-09-19,java,1
2010-09-19,ruby,130
2010-09-20,java,4
2010-09-20,ruby,180
2010-09-20,universaldotnet,2
2010-09-20,universaljava,1
2010-09-20,x86mingw32,4
2010-09-20,x86mswin32,4
2010-09-21,java,2
2010-09-21,ruby,160
2010-09-21,universaldotnet,1
2010-09-21,x86mingw32,1
2010-09-21,x86mswin32,2
2010-09-22,ruby,205
2010-09-23,linux,1
2010-09-23,ruby,171
2010-09-24,java,3
2010-09-24,ruby,152
2010-09-25,java,8
2010-09-25,ruby,102
2010-09-25,x86mingw32,2
2010-09-26,ruby,102
2010-09-26,x86mingw32,6
2010-09-26,x86mswin32,1
2010-09-27,java,11
2010-09-27,ruby,207
2010-09-28,java,1
2010-09-28,ruby,148
2010-09-28,x86mingw32,1
2010-09-29,ruby,183
2010-09-30,java,1
2010-09-30,ruby,164
2010-09-30,universaldotnet,1
2010-09-30,x86mingw32,2
2010-09-30,x86mswin32,2
2010-10-01,java,1
2010-10-01,ruby,122
2010-10-01,x86_64linux,2
2010-10-01,x86mingw32,1
2010-10-02,java,2
2010-10-02,ruby,96
2010-10-02,universaldotnet,2
2010-10-02,x86mingw32,4
2010-10-02,x86mswin32,2
2010-10-03,java,1
2010-10-03,ruby,141
2010-10-03,universaldotnet,1
2010-10-03,x86mingw32,4
2010-10-03,x86mswin32,4
2010-10-04,java,2
2010-10-04,ruby,175
2010-10-04,x86_64darwin,1
2010-10-04,x86mingw32,2
2010-10-04,x86mswin32,1
2010-10-05,ruby,191
2010-10-06,java,1
2010-10-06,ruby,183
2010-10-06,x86mingw32,1
2010-10-07,java,1
2010-10-07,ruby,197
2010-10-07,x86mingw32,4
2010-10-07,x86mswin32,1
2010-10-08,java,1
2010-10-08,ruby,148
2010-10-08,x86mingw32,3
2010-10-08,x86mswin32,3
2010-10-09,java,2
2010-10-09,ruby,113
2010-10-09,x86linux,1
2010-10-09,x86mingw32,2
2010-10-09,x86mswin32,1
2010-10-10,ruby,147
2010-10-10,x86mingw32,1
2010-10-10,x86mswin32,1
2010-10-11,java,2
2010-10-11,ruby,211
2010-10-11,x86mingw32,1
2010-10-11,x86mswin32,1
2010-10-12,ruby,185
2010-10-12,x86mingw32,1
2010-10-13,java,3
2010-10-13,ruby,195
2010-10-13,x86mingw32,1
2010-10-13,x86mswin32,3
2010-10-14,java,17
2010-10-14,ruby,194
2010-10-14,universaldotnet,1
2010-10-14,x86linux,1
2010-10-14,x86mingw32,2
2010-10-14,x86mswin32,3
2010-10-15,ruby,118
2010-10-15,x86mingw32,2
2010-10-15,x86mswin32,2
2010-10-16,ruby,145
2010-10-17,java,1
2010-10-17,ruby,159
2010-10-17,universaldotnet,2
2010-10-18,ruby,188
2010-10-18,x86mingw32,2
2010-10-18,x86mswin32,2
2010-10-19,java,1
2010-10-19,ruby,209
2010-10-19,x86mingw32,3
2010-10-19,x86mswin32,3
2010-10-20,java,9
2010-10-20,ruby,210
2010-10-20,x86mingw32,2
2010-10-20,x86mswin32,2
2010-10-21,java,4
2010-10-21,ruby,176
2010-10-21,x86mingw32,4
2010-10-21,x86mswin32,4
2010-10-22,ruby,155
2010-10-22,x86_64darwin,1
2010-10-22,x86mingw32,8
2010-10-22,x86mswin32,1
2010-10-23,ruby,133
2010-10-23,x86mingw32,8
2010-10-24,ruby,133
2010-10-24,x86mingw32,2
2010-10-24,x86mswin32,4
2010-10-25,ruby,190
2010-10-25,universaldarwin,2
2010-10-25,x86mingw32,1
2010-10-25,x86mswin32,1
2010-10-26,ruby,215
2010-10-26,x86mingw32,1
2010-10-26,x86mswin32,1
2010-10-27,java,1
2010-10-27,ruby,215
2010-10-27,x86mswin32,1
2010-10-28,java,1
2010-10-28,ruby,210
2010-10-28,x86mingw32,11
2010-10-28,x86mswin32,3
2010-10-29,java,1
2010-10-29,ruby,158
2010-10-29,x86mingw32,1
2010-10-29,x86mswin32,1
2010-10-30,java,2
2010-10-30,ruby,129
2010-10-30,x86mingw32,4
2010-10-30,x86mswin32,5
2010-10-31,ruby,113
2010-10-31,x86mingw32,6
2010-10-31,x86mswin32,6
2010-11-01,ruby,235
2010-11-01,universaldarwin,1
2010-11-01,x86mingw32,1
2010-11-02,java,1
2010-11-02,ruby,204
2010-11-03,java,2
2010-11-03,ruby,195
2010-11-03,x86mswin32,1
2010-11-04,ruby,202
2010-11-05,ruby,174
2010-11-06,ruby,113
2010-11-07,ruby,212
2010-11-08,ruby,222
2010-11-08,x86mingw32,1
2010-11-09,ruby,206
2010-11-09,x86cygwin,1
2010-11-10,ruby,151
2010-11-11,ruby,10
