release_date,count
2000-03-16,1
2003-08-28,1
2004-01-01,1
2004-01-02,1
2004-01-06,1
2004-01-08,1
2004-01-11,1
2004-08-18,4
2004-09-15,2
2004-09-17,3
2004-09-19,2
2004-09-20,3
2004-09-23,1
2004-09-24,1
2004-09-25,1
2004-09-26,1
2004-09-27,3
2004-09-29,2
2004-09-30,3
2004-10-01,4
2004-10-02,2
2004-10-04,1
2004-10-06,1
2004-10-07,3
2004-10-08,2
2004-10-10,1
2004-10-11,1
2004-10-13,1
2004-10-14,1
2004-10-16,2
2004-10-18,1
2004-10-19,1
2004-10-20,3
2004-10-21,4
2004-10-22,3
2004-10-23,3
2004-10-24,2
2004-10-25,10
2004-10-26,1
2004-10-27,7
2004-10-28,2
2004-10-29,3
2004-10-30,3
2004-10-31,1
2004-11-01,5
2004-11-02,2
2004-11-03,2
2004-11-04,6
2004-11-05,3
2004-11-08,1
2004-11-09,1
2004-11-10,1
2004-11-11,3
2004-11-12,2
2004-11-15,6
2004-11-17,2
2004-11-18,10
2004-11-19,3
2004-11-20,2
2004-11-22,1
2004-11-23,6
2004-11-24,1
2004-11-25,3
2004-11-27,1
2004-11-28,2
2004-11-29,2
2004-12-01,4
2004-12-02,2
2004-12-03,1
2004-12-04,1
2004-12-07,3
2004-12-09,2
2004-12-10,3
2004-12-11,1
2004-12-12,2
2004-12-13,1
2004-12-16,4
2004-12-17,2
2004-12-19,1
2004-12-20,7
2004-12-21,3
2004-12-22,3
2004-12-23,3
2004-12-26,1
2004-12-27,2
2004-12-28,1
2004-12-29,2
2004-12-30,2
2005-01-01,4
2005-01-02,2
2005-01-03,1
2005-01-04,6
2005-01-05,2
2005-01-06,2
2005-01-07,2
2005-01-08,1
2005-01-09,2
2005-01-10,1
2005-01-11,5
2005-01-12,4
2005-01-13,5
2005-01-14,3
2005-01-15,1
2005-01-16,3
2005-01-17,7
2005-01-18,10
2005-01-19,4
2005-01-20,3
2005-01-21,2
2005-01-22,2
2005-01-23,2
2005-01-24,2
2005-01-25,5
2005-01-26,3
2005-01-27,6
2005-01-28,1
2005-01-30,3
2005-01-31,2
2005-02-01,4
2005-02-02,2
2005-02-03,1
2005-02-04,5
2005-02-05,2
2005-02-06,5
2005-02-07,2
2005-02-08,12
2005-02-09,5
2005-02-10,2
2005-02-11,3
2005-02-12,5
2005-02-13,7
2005-02-14,2
2005-02-15,8
2005-02-16,8
2005-02-17,6
2005-02-18,1
2005-02-19,1
2005-02-20,6
2005-02-21,3
2005-02-22,1
2005-02-23,4
2005-02-24,7
2005-02-26,4
2005-02-27,5
2005-02-28,5
2005-03-01,5
2005-03-02,1
2005-03-03,1
2005-03-04,2
2005-03-05,1
2005-03-06,5
2005-03-07,13
2005-03-08,1
2005-03-09,8
2005-03-10,6
2005-03-11,2
2005-03-12,3
2005-03-13,1
2005-03-14,3
2005-03-15,3
2005-03-16,2
2005-03-17,8
2005-03-18,1
2005-03-19,3
2005-03-20,3
2005-03-21,5
2005-03-22,7
2005-03-23,4
2005-03-25,7
2005-03-26,6
2005-03-27,8
2005-03-28,4
2005-03-29,1
2005-03-30,5
2005-04-01,2
2005-04-02,3
2005-04-03,2
2005-04-04,6
2005-04-05,5
2005-04-06,1
2005-04-07,2
2005-04-08,3
2005-04-09,7
2005-04-10,5
2005-04-11,6
2005-04-12,5
2005-04-13,5
2005-04-14,1
2005-04-15,5
2005-04-16,7
2005-04-17,5
2005-04-18,6
2005-04-19,20
2005-04-20,8
2005-04-21,3
2005-04-22,1
2005-04-24,4
2005-04-25,1
2005-04-26,2
2005-04-27,2
2005-04-28,1
2005-04-29,3
2005-04-30,3
2005-05-01,6
2005-05-02,3
2005-05-03,1
2005-05-04,3
2005-05-05,3
2005-05-06,2
2005-05-07,1
2005-05-08,3
2005-05-09,2
2005-05-10,2
2005-05-11,5
2005-05-12,2
2005-05-13,1
2005-05-15,5
2005-05-16,4
2005-05-18,2
2005-05-19,4
2005-05-20,2
2005-05-21,3
2005-05-22,3
2005-05-23,2
2005-05-24,3
2005-05-25,1
2005-05-26,1
2005-05-28,2
2005-05-29,1
2005-05-30,1
2005-05-31,1
2005-06-01,8
2005-06-02,3
2005-06-03,5
2005-06-04,5
2005-06-05,3
2005-06-06,1
2005-06-07,5
2005-06-08,6
2005-06-09,2
2005-06-10,2
2005-06-11,2
2005-06-12,7
2005-06-13,4
2005-06-14,4
2005-06-15,2
2005-06-16,5
2005-06-17,11
2005-06-18,3
2005-06-19,1
2005-06-20,4
2005-06-21,1
2005-06-22,1
2005-06-23,2
2005-06-24,4
2005-06-25,2
2005-06-26,2
2005-06-27,2
2005-06-28,1
2005-06-29,5
2005-07-01,4
2005-07-03,2
2005-07-04,2
2005-07-05,1
2005-07-06,6
2005-07-07,4
2005-07-10,2
2005-07-11,6
2005-07-12,4
2005-07-13,7
2005-07-14,3
2005-07-15,1
2005-07-17,6
2005-07-18,7
2005-07-20,2
2005-07-21,2
2005-07-22,2
2005-07-23,2
2005-07-24,4
2005-07-25,6
2005-07-26,3
2005-07-27,3
2005-07-28,3
2005-07-29,3
2005-07-30,4
2005-07-31,2
2005-08-01,7
2005-08-02,2
2005-08-03,2
2005-08-04,4
2005-08-05,3
2005-08-06,5
2005-08-07,2
2005-08-08,2
2005-08-09,5
2005-08-10,3
2005-08-11,6
2005-08-12,5
2005-08-13,6
2005-08-14,10
2005-08-15,2
2005-08-16,6
2005-08-17,5
2005-08-18,1
2005-08-19,3
2005-08-20,4
2005-08-21,2
2005-08-22,5
2005-08-23,2
2005-08-24,3
2005-08-25,4
2005-08-26,1
2005-08-27,1
2005-08-28,2
2005-08-29,4
2005-08-30,15
2005-08-31,1
2005-09-01,8
2005-09-02,8
2005-09-03,7
2005-09-05,6
2005-09-06,8
2005-09-07,3
2005-09-08,3
2005-09-09,6
2005-09-10,3
2005-09-11,7
2005-09-12,2
2005-09-13,5
2005-09-14,2
2005-09-15,8
2005-09-16,4
2005-09-17,3
2005-09-18,8
2005-09-19,2
2005-09-20,1
2005-09-21,3
2005-09-22,2
2005-09-23,3
2005-09-24,4
2005-09-25,5
2005-09-26,4
2005-09-27,4
2005-09-28,3
2005-09-29,4
2005-09-30,1
2005-10-01,3
2005-10-02,6
2005-10-03,1
2005-10-04,3
2005-10-05,4
2005-10-06,5
2005-10-07,3
2005-10-08,2
2005-10-09,6
2005-10-10,2
2005-10-11,4
2005-10-12,4
2005-10-13,6
2005-10-14,1
2005-10-15,1
2005-10-16,1
2005-10-17,13
2005-10-18,9
2005-10-19,10
2005-10-20,2
2005-10-21,5
2005-10-22,4
2005-10-23,6
2005-10-24,8
2005-10-25,13
2005-10-26,5
2005-10-27,4
2005-10-28,10
2005-10-29,3
2005-10-30,6
2005-10-31,5
2005-11-01,5
2005-11-02,5
2005-11-03,4
2005-11-04,4
2005-11-05,1
2005-11-06,9
2005-11-07,1
2005-11-08,5
2005-11-09,8
2005-11-10,2
2005-11-11,11
2005-11-12,1
2005-11-13,10
2005-11-14,8
2005-11-15,6
2005-11-16,9
2005-11-17,8
2005-11-18,5
2005-11-19,2
2005-11-20,3
2005-11-21,5
2005-11-22,3
2005-11-23,3
2005-11-24,2
2005-11-25,5
2005-11-26,5
2005-11-27,6
2005-11-28,6
2005-11-29,2
2005-11-30,2
2005-12-01,3
2005-12-02,6
2005-12-03,3
2005-12-04,1
2005-12-05,2
2005-12-06,5
2005-12-07,11
2005-12-08,2
2005-12-09,5
2005-12-10,2
2005-12-11,1
2005-12-12,8
2005-12-13,7
2005-12-14,3
2005-12-15,2
2005-12-16,1
2005-12-17,6
2005-12-18,4
2005-12-19,5
2005-12-20,6
2005-12-21,9
2005-12-22,2
2005-12-23,4
2005-12-24,2
2005-12-25,1
2005-12-28,4
2005-12-29,4
2005-12-30,1
2005-12-31,5
2006-01-02,6
2006-01-03,3
2006-01-04,5
2006-01-05,3
2006-01-06,1
2006-01-07,2
2006-01-08,7
2006-01-09,3
2006-01-10,5
2006-01-11,3
2006-01-12,2
2006-01-13,1
2006-01-14,2
2006-01-15,6
2006-01-16,3
2006-01-17,6
2006-01-18,4
2006-01-19,6
2006-01-20,7
2006-01-21,4
2006-01-22,6
2006-01-23,9
2006-01-24,5
2006-01-25,4
2006-01-26,4
2006-01-27,3
2006-01-28,4
2006-01-29,1
2006-01-30,3
2006-01-31,4
2006-02-01,8
2006-02-02,6
2006-02-03,6
2006-02-04,2
2006-02-05,11
2006-02-06,4
2006-02-08,5
2006-02-09,5
2006-02-10,3
2006-02-11,1
2006-02-12,8
2006-02-13,9
2006-02-14,3
2006-02-15,6
2006-02-16,2
2006-02-17,2
2006-02-18,6
2006-02-19,4
2006-02-20,10
2006-02-21,6
2006-02-22,6
2006-02-23,8
2006-02-24,7
2006-02-25,12
2006-02-26,8
2006-02-27,12
2006-02-28,6
2006-03-01,3
2006-03-02,7
2006-03-03,8
2006-03-04,4
2006-03-05,7
2006-03-06,12
2006-03-07,7
2006-03-08,3
2006-03-09,4
2006-03-10,5
2006-03-11,1
2006-03-12,9
2006-03-13,5
2006-03-14,4
2006-03-15,11
2006-03-16,4
2006-03-17,4
2006-03-18,6
2006-03-19,5
2006-03-20,2
2006-03-21,6
2006-03-22,7
2006-03-23,5
2006-03-24,6
2006-03-25,1
2006-03-26,2
2006-03-27,9
2006-03-28,5
2006-03-29,6
2006-03-30,4
2006-03-31,3
2006-04-01,4
2006-04-02,3
2006-04-03,5
2006-04-04,4
2006-04-05,8
2006-04-06,11
2006-04-07,6
2006-04-08,7
2006-04-09,13
2006-04-10,7
2006-04-11,7
2006-04-12,9
2006-04-13,9
2006-04-14,6
2006-04-15,7
2006-04-16,10
2006-04-17,7
2006-04-18,28
2006-04-19,9
2006-04-20,7
2006-04-21,6
2006-04-22,7
2006-04-23,12
2006-04-24,12
2006-04-25,5
2006-04-26,4
2006-04-27,9
2006-04-28,20
2006-04-29,1
2006-04-30,4
2006-05-01,7
2006-05-02,5
2006-05-03,7
2006-05-04,16
2006-05-05,4
2006-05-06,5
2006-05-07,3
2006-05-08,4
2006-05-10,6
2006-05-11,9
2006-05-12,5
2006-05-13,4
2006-05-14,2
2006-05-15,5
2006-05-16,11
2006-05-17,12
2006-05-18,5
2006-05-19,5
2006-05-20,3
2006-05-21,6
2006-05-22,3
2006-05-23,8
2006-05-24,2
2006-05-25,2
2006-05-26,3
2006-05-27,3
2006-05-28,10
2006-05-29,24
2006-05-30,5
2006-05-31,6
2006-06-01,2
2006-06-02,5
2006-06-03,6
2006-06-04,12
2006-06-05,6
2006-06-06,10
2006-06-07,4
2006-06-08,6
2006-06-09,8
2006-06-10,6
2006-06-11,4
2006-06-12,7
2006-06-13,2
2006-06-14,5
2006-06-15,5
2006-06-16,12
2006-06-17,4
2006-06-18,1
2006-06-19,4
2006-06-20,5
2006-06-21,13
2006-06-22,5
2006-06-25,2
2006-06-26,6
2006-06-27,16
2006-06-28,11
2006-06-29,5
2006-06-30,11
2006-07-01,5
2006-07-02,2
2006-07-03,5
2006-07-04,2
2006-07-05,13
2006-07-06,3
2006-07-07,2
2006-07-08,2
2006-07-09,5
2006-07-10,8
2006-07-11,7
2006-07-12,7
2006-07-13,12
2006-07-14,9
2006-07-15,5
2006-07-16,8
2006-07-17,6
2006-07-18,9
2006-07-19,13
2006-07-20,12
2006-07-21,12
2006-07-22,8
2006-07-23,4
2006-07-24,5
2006-07-25,5
2006-07-26,10
2006-07-27,5
2006-07-28,10
2006-07-29,6
2006-07-30,5
2006-07-31,6
2006-08-01,12
2006-08-02,7
2006-08-03,4
2006-08-04,5
2006-08-05,4
2006-08-06,7
2006-08-07,6
2006-08-08,12
2006-08-09,12
2006-08-10,21
2006-08-11,3
2006-08-12,3
2006-08-13,18
2006-08-14,7
2006-08-15,8
2006-08-16,6
2006-08-17,7
2006-08-18,5
2006-08-19,9
2006-08-20,5
2006-08-21,6
2006-08-22,15
2006-08-23,14
2006-08-24,4
2006-08-25,7
2006-08-26,4
2006-08-27,8
2006-08-28,7
2006-08-29,8
2006-08-30,4
2006-08-31,10
2006-09-01,5
2006-09-02,6
2006-09-03,4
2006-09-04,4
2006-09-05,7
2006-09-06,9
2006-09-07,8
2006-09-08,6
2006-09-09,4
2006-09-10,10
2006-09-11,9
2006-09-12,8
2006-09-13,7
2006-09-14,10
2006-09-15,11
2006-09-16,6
2006-09-17,7
2006-09-18,12
2006-09-19,11
2006-09-20,11
2006-09-21,6
2006-09-22,6
2006-09-23,12
2006-09-24,8
2006-09-25,6
2006-09-26,7
2006-09-27,7
2006-09-28,7
2006-09-29,5
2006-09-30,3
2006-10-01,3
2006-10-02,6
2006-10-03,11
2006-10-04,6
2006-10-05,9
2006-10-06,4
2006-10-07,6
2006-10-08,3
2006-10-09,10
2006-10-10,13
2006-10-11,13
2006-10-12,4
2006-10-13,10
2006-10-14,4
2006-10-15,9
2006-10-16,13
2006-10-17,16
2006-10-18,8
2006-10-19,10
2006-10-20,5
2006-10-21,9
2006-10-22,9
2006-10-23,10
2006-10-24,13
2006-10-25,11
2006-10-26,8
2006-10-27,8
2006-10-28,2
2006-10-29,7
2006-10-30,13
2006-10-31,10
2006-11-01,12
2006-11-02,12
2006-11-03,10
2006-11-04,5
2006-11-05,13
2006-11-06,11
2006-11-07,13
2006-11-08,13
2006-11-09,18
2006-11-10,11
2006-11-11,3
2006-11-12,13
2006-11-13,16
2006-11-14,7
2006-11-15,10
2006-11-16,8
2006-11-17,10
2006-11-18,9
2006-11-19,8
2006-11-20,16
2006-11-21,9
2006-11-22,11
2006-11-23,7
2006-11-24,9
2006-11-25,9
2006-11-26,17
2006-11-27,16
2006-11-28,15
2006-11-29,14
2006-11-30,9
2006-12-01,15
2006-12-02,8
2006-12-03,4
2006-12-04,10
2006-12-05,8
2006-12-06,10
2006-12-07,12
2006-12-08,15
2006-12-09,9
2006-12-10,7
2006-12-11,3
2006-12-12,12
2006-12-13,8
2006-12-14,7
2006-12-15,9
2006-12-16,5
2006-12-17,6
2006-12-18,16
2006-12-19,17
2006-12-20,15
2006-12-21,26
2006-12-22,5
2006-12-23,4
2006-12-24,4
2006-12-25,10
2006-12-26,9
2006-12-27,10
2006-12-28,9
2006-12-29,5
2006-12-30,7
2006-12-31,5
2007-01-01,5
2007-01-02,9
2007-01-03,9
2007-01-04,13
2007-01-05,14
2007-01-06,9
2007-01-07,7
2007-01-08,14
2007-01-09,8
2007-01-10,9
2007-01-11,12
2007-01-12,4
2007-01-13,14
2007-01-14,8
2007-01-15,15
2007-01-16,9
2007-01-17,16
2007-01-18,19
2007-01-19,17
2007-01-20,16
2007-01-21,12
2007-01-22,11
2007-01-23,8
2007-01-24,12
2007-01-25,8
2007-01-26,12
2007-01-27,8
2007-01-28,12
2007-01-29,17
2007-01-30,16
2007-01-31,20
2007-02-01,13
2007-02-02,9
2007-02-03,13
2007-02-04,10
2007-02-05,21
2007-02-06,14
2007-02-07,10
2007-02-08,13
2007-02-09,5
2007-02-10,11
2007-02-11,20
2007-02-12,8
2007-02-13,19
2007-02-14,14
2007-02-15,10
2007-02-16,10
2007-02-17,8
2007-02-18,11
2007-02-19,11
2007-02-20,15
2007-02-21,13
2007-02-22,7
2007-02-23,4
2007-02-24,7
2007-02-25,15
2007-02-26,9
2007-02-27,23
2007-02-28,21
2007-03-01,18
2007-03-02,10
2007-03-03,11
2007-03-04,19
2007-03-05,14
2007-03-06,6
2007-03-07,8
2007-03-08,11
2007-03-09,11
2007-03-10,5
2007-03-11,12
2007-03-12,11
2007-03-13,18
2007-03-14,7
2007-03-15,29
2007-03-16,13
2007-03-17,13
2007-03-18,9
2007-03-19,14
2007-03-20,13
2007-03-21,23
2007-03-22,19
2007-03-23,9
2007-03-24,11
2007-03-25,16
2007-03-26,18
2007-03-27,20
2007-03-28,12
2007-03-29,6
2007-03-30,13
2007-03-31,14
2007-04-01,20
2007-04-02,10
2007-04-03,18
2007-04-04,10
2007-04-05,13
2007-04-06,10
2007-04-07,5
2007-04-08,9
2007-04-09,14
2007-04-10,11
2007-04-11,22
2007-04-12,12
2007-04-13,6
2007-04-14,11
2007-04-15,16
2007-04-16,13
2007-04-17,17
2007-04-18,12
2007-04-19,8
2007-04-20,14
2007-04-21,8
2007-04-22,10
2007-04-23,7
2007-04-24,13
2007-04-25,11
2007-04-26,19
2007-04-27,11
2007-04-28,14
2007-04-29,13
2007-04-30,27
2007-05-01,17
2007-05-02,22
2007-05-03,7
2007-05-04,14
2007-05-05,10
2007-05-06,11
2007-05-07,16
2007-05-08,17
2007-05-09,16
2007-05-10,19
2007-05-11,10
2007-05-12,11
2007-05-13,21
2007-05-14,12
2007-05-15,15
2007-05-16,14
2007-05-17,10
2007-05-18,10
2007-05-19,6
2007-05-20,14
2007-05-21,13
2007-05-22,22
2007-05-23,17
2007-05-24,21
2007-05-25,14
2007-05-26,6
2007-05-27,7
2007-05-28,16
2007-05-29,21
2007-05-30,15
2007-05-31,20
2007-06-01,15
2007-06-02,8
2007-06-03,14
2007-06-04,15
2007-06-05,25
2007-06-06,14
2007-06-07,14
2007-06-08,5
2007-06-09,7
2007-06-10,8
2007-06-11,11
2007-06-12,16
2007-06-13,17
2007-06-14,11
2007-06-15,23
2007-06-16,16
2007-06-17,11
2007-06-18,20
2007-06-19,16
2007-06-20,10
2007-06-21,13
2007-06-22,11
2007-06-23,19
2007-06-24,23
2007-06-25,8
2007-06-26,17
2007-06-27,9
2007-06-28,10
2007-06-29,6
2007-06-30,3
2007-07-01,14
2007-07-02,20
2007-07-03,12
2007-07-04,7
2007-07-05,15
2007-07-06,17
2007-07-07,21
2007-07-08,9
2007-07-09,18
2007-07-10,14
2007-07-11,16
2007-07-12,6
2007-07-13,10
2007-07-14,15
2007-07-15,6
2007-07-16,14
2007-07-17,20
2007-07-18,29
2007-07-19,15
2007-07-20,11
2007-07-21,11
2007-07-22,14
2007-07-23,23
2007-07-24,9
2007-07-25,14
2007-07-26,19
2007-07-27,8
2007-07-28,9
2007-07-29,8
2007-07-30,15
2007-07-31,21
2007-08-01,14
2007-08-02,18
2007-08-03,17
2007-08-04,7
2007-08-05,22
2007-08-06,25
2007-08-07,18
2007-08-08,20
2007-08-09,19
2007-08-10,9
2007-08-11,13
2007-08-12,21
2007-08-13,17
2007-08-14,23
2007-08-15,14
2007-08-16,17
2007-08-17,15
2007-08-18,15
2007-08-19,10
2007-08-20,25
2007-08-21,23
2007-08-22,18
2007-08-23,11
2007-08-24,10
2007-08-25,10
2007-08-26,14
2007-08-27,14
2007-08-28,16
2007-08-29,14
2007-08-30,29
2007-08-31,16
2007-09-01,8
2007-09-02,16
2007-09-03,14
2007-09-04,14
2007-09-05,15
2007-09-06,14
2007-09-07,15
2007-09-08,18
2007-09-09,10
2007-09-10,28
2007-09-11,19
2007-09-12,9
2007-09-13,6
2007-09-14,17
2007-09-15,11
2007-09-16,15
2007-09-17,26
2007-09-18,24
2007-09-19,6
2007-09-20,23
2007-09-21,16
2007-09-22,10
2007-09-23,26
2007-09-24,16
2007-09-25,14
2007-09-26,29
2007-09-27,17
2007-09-28,12
2007-09-29,12
2007-09-30,11
2007-10-01,7
2007-10-02,6
2007-10-03,11
2007-10-04,18
2007-10-05,13
2007-10-06,16
2007-10-07,15
2007-10-08,14
2007-10-09,11
2007-10-10,18
2007-10-11,16
2007-10-12,21
2007-10-13,9
2007-10-14,9
2007-10-15,10
2007-10-16,14
2007-10-17,26
2007-10-18,16
2007-10-19,12
2007-10-20,7
2007-10-21,10
2007-10-22,21
2007-10-23,26
2007-10-24,12
2007-10-25,16
2007-10-26,23
2007-10-27,10
2007-10-28,18
2007-10-29,24
2007-10-30,11
2007-10-31,12
2007-11-01,22
2007-11-02,27
2007-11-03,18
2007-11-04,16
2007-11-05,27
2007-11-06,23
2007-11-07,17
2007-11-08,23
2007-11-09,15
2007-11-10,19
2007-11-11,16
2007-11-12,28
2007-11-13,15
2007-11-14,16
2007-11-15,12
2007-11-16,17
2007-11-17,14
2007-11-18,31
2007-11-19,28
2007-11-20,9
2007-11-21,15
2007-11-22,14
2007-11-23,12
2007-11-24,16
2007-11-25,20
2007-11-26,17
2007-11-27,15
2007-11-28,17
2007-11-29,13
2007-11-30,7
2007-12-01,5
2007-12-02,7
2007-12-03,27
2007-12-04,22
2007-12-05,17
2007-12-06,23
2007-12-07,17
2007-12-08,15
2007-12-09,17
2007-12-10,26
2007-12-11,24
2007-12-12,17
2007-12-13,29
2007-12-14,16
2007-12-15,20
2007-12-16,11
2007-12-17,12
2007-12-18,21
2007-12-19,21
2007-12-20,20
2007-12-21,24
2007-12-22,18
2007-12-23,10
2007-12-24,9
2007-12-25,18
2007-12-26,12
2007-12-27,19
2007-12-28,19
2007-12-29,14
2007-12-30,15
2007-12-31,24
2008-01-01,27
2008-01-02,15
2008-01-03,20
2008-01-04,26
2008-01-05,13
2008-01-06,32
2008-01-07,25
2008-01-08,34
2008-01-09,29
2008-01-10,28
2008-01-11,14
2008-01-12,16
2008-01-13,9
2008-01-14,24
2008-01-15,26
2008-01-16,24
2008-01-17,33
2008-01-18,15
2008-01-19,15
2008-01-20,16
2008-01-21,16
2008-01-22,23
2008-01-23,28
2008-01-24,19
2008-01-25,17
2008-01-26,15
2008-01-27,23
2008-01-28,21
2008-01-29,26
2008-01-30,17
2008-01-31,27
2008-02-01,14
2008-02-02,15
2008-02-03,19
2008-02-04,22
2008-02-05,21
2008-02-06,29
2008-02-07,18
2008-02-08,20
2008-02-09,22
2008-02-10,30
2008-02-11,25
2008-02-12,39
2008-02-13,22
2008-02-14,26
2008-02-15,23
2008-02-16,18
2008-02-17,23
2008-02-18,31
2008-02-19,23
2008-02-20,23
2008-02-21,18
2008-02-22,16
2008-02-23,13
2008-02-24,33
2008-02-25,34
2008-02-26,17
2008-02-27,32
2008-02-28,29
2008-02-29,23
2008-03-01,14
2008-03-02,33
2008-03-03,18
2008-03-04,24
2008-03-05,11
2008-03-06,22
2008-03-07,20
2008-03-08,21
2008-03-09,26
2008-03-10,24
2008-03-11,36
2008-03-12,18
2008-03-13,20
2008-03-14,21
2008-03-15,17
2008-03-16,32
2008-03-17,24
2008-03-18,20
2008-03-19,22
2008-03-20,15
2008-03-21,11
2008-03-22,15
2008-03-23,14
2008-03-24,62
2008-03-25,32
2008-03-26,19
2008-03-27,36
2008-03-28,22
2008-03-29,16
2008-03-30,19
2008-03-31,22
2008-04-01,18
2008-04-02,30
2008-04-03,15
2008-04-04,21
2008-04-05,17
2008-04-06,24
2008-04-07,19
2008-04-08,19
2008-04-09,30
2008-04-10,26
2008-04-11,28
2008-04-12,20
2008-04-13,21
2008-04-14,25
2008-04-15,31
2008-04-16,21
2008-04-17,38
2008-04-18,22
2008-04-19,22
2008-04-20,25
2008-04-21,16
2008-04-22,20
2008-04-23,17
2008-04-24,32
2008-04-25,22
2008-04-26,19
2008-04-27,18
2008-04-28,20
2008-04-29,27
2008-04-30,42
2008-05-01,21
2008-05-02,16
2008-05-03,9
2008-05-04,40
2008-05-05,32
2008-05-06,18
2008-05-07,24
2008-05-08,28
2008-05-09,20
2008-05-10,9
2008-05-11,14
2008-05-12,15
2008-05-13,18
2008-05-14,18
2008-05-15,19
2008-05-16,14
2008-05-17,19
2008-05-18,18
2008-05-19,23
2008-05-20,25
2008-05-21,36
2008-05-22,25
2008-05-23,22
2008-05-24,12
2008-05-25,18
2008-05-26,23
2008-05-27,19
2008-05-28,21
2008-05-29,24
2008-05-30,19
2008-05-31,16
2008-06-01,18
2008-06-02,6
2008-06-03,23
2008-06-04,25
2008-06-05,22
2008-06-06,17
2008-06-07,13
2008-06-08,12
2008-06-09,26
2008-06-10,15
2008-06-11,26
2008-06-12,16
2008-06-13,27
2008-06-14,9
2008-06-15,18
2008-06-16,22
2008-06-17,31
2008-06-18,26
2008-06-19,23
2008-06-20,26
2008-06-21,12
2008-06-22,29
2008-06-23,34
2008-06-24,19
2008-06-25,46
2008-06-26,19
2008-06-27,23
2008-06-28,14
2008-06-29,16
2008-06-30,11
2008-07-01,13
2008-07-02,30
2008-07-03,19
2008-07-04,8
2008-07-05,16
2008-07-06,25
2008-07-07,20
2008-07-08,15
2008-07-09,23
2008-07-10,24
2008-07-11,18
2008-07-12,13
2008-07-13,15
2008-07-14,18
2008-07-15,23
2008-07-16,26
2008-07-17,14
2008-07-18,30
2008-07-19,18
2008-07-20,22
2008-07-21,22
2008-07-22,21
2008-07-23,21
2008-07-24,30
2008-07-25,18
2008-07-26,11
2008-07-27,23
2008-07-28,18
2008-07-29,24
2008-07-30,18
2008-07-31,16
2008-08-01,42
2008-08-02,26
2008-08-03,18
2008-08-04,47
2008-08-05,19
2008-08-06,35
2008-08-07,21
2008-08-08,22
2008-08-09,8
2008-08-10,21
2008-08-11,18
2008-08-12,36
2008-08-13,18
2008-08-14,27
2008-08-15,16
2008-08-16,17
2008-08-17,23
2008-08-18,32
2008-08-19,17
2008-08-20,38
2008-08-21,55
2008-08-22,18
2008-08-23,17
2008-08-24,12
2008-08-25,47
2008-08-26,47
2008-08-27,28
2008-08-28,31
2008-08-29,55
2008-08-30,16
2008-08-31,44
2008-09-01,34
2008-09-02,39
2008-09-03,32
2008-09-04,42
2008-09-05,15
2008-09-06,21
2008-09-07,45
2008-09-08,76
2008-09-09,32
2008-09-10,52
2008-09-11,18
2008-09-12,30
2008-09-13,32
2008-09-14,38
2008-09-15,34
2008-09-16,11
2008-09-17,19
2008-09-18,26
2008-09-19,18
2008-09-20,17
2008-09-21,11
2008-09-22,10
2008-09-23,36
2008-09-24,31
2008-09-25,23
2008-09-26,22
2008-09-27,18
2008-09-28,31
2008-09-29,22
2008-09-30,28
2008-10-01,18
2008-10-02,27
2008-10-03,26
2008-10-04,13
2008-10-05,46
2008-10-06,84
2008-10-07,26
2008-10-08,24
2008-10-09,30
2008-10-10,10
2008-10-11,51
2008-10-12,50
2008-10-13,41
2008-10-14,18
2008-10-15,23
2008-10-16,13
2008-10-17,19
2008-10-18,15
2008-10-19,15
2008-10-20,24
2008-10-21,48
2008-10-22,42
2008-10-23,16
2008-10-24,19
2008-10-25,10
2008-10-26,51
2008-10-27,25
2008-10-28,16
2008-10-29,54
2008-10-30,51
2008-10-31,24
2008-11-01,7
2008-11-02,23
2008-11-03,48
2008-11-04,25
2008-11-05,17
2008-11-06,38
2008-11-07,24
2008-11-08,35
2008-11-09,26
2008-11-10,16
2008-11-11,19
2008-11-12,15
2008-11-13,22
2008-11-14,25
2008-11-15,16
2008-11-16,17
2008-11-17,32
2008-11-18,66
2008-11-19,35
2008-11-20,20
2008-11-21,35
2008-11-22,36
2008-11-23,21
2008-11-24,49
2008-11-25,36
2008-11-26,23
2008-11-27,35
2008-11-28,17
2008-11-29,19
2008-11-30,42
2008-12-01,40
2008-12-02,32
2008-12-03,31
2008-12-04,21
2008-12-05,38
2008-12-06,31
2008-12-07,57
2008-12-08,43
2008-12-09,25
2008-12-10,27
2008-12-11,15
2008-12-12,24
2008-12-13,25
2008-12-14,50
2008-12-15,38
2008-12-16,76
2008-12-17,41
2008-12-18,32
2008-12-19,19
2008-12-20,19
2008-12-21,25
2008-12-22,30
2008-12-23,27
2008-12-24,14
2008-12-25,6
2008-12-26,7
2008-12-27,11
2008-12-28,36
2008-12-29,46
2008-12-30,25
2008-12-31,32
2009-01-01,24
2009-01-02,28
2009-01-03,17
2009-01-04,50
2009-01-05,27
2009-01-06,39
2009-01-07,31
2009-01-08,28
2009-01-09,29
2009-01-10,18
2009-01-11,24
2009-01-12,26
2009-01-13,39
2009-01-14,26
2009-01-15,15
2009-01-16,47
2009-01-17,24
2009-01-18,49
2009-01-19,65
2009-01-20,34
2009-01-21,17
2009-01-22,17
2009-01-23,23
2009-01-24,18
2009-01-25,27
2009-01-26,37
2009-01-27,37
2009-01-28,37
2009-01-29,36
2009-01-30,13
2009-01-31,12
2009-02-01,29
2009-02-02,19
2009-02-03,28
2009-02-04,20
2009-02-05,30
2009-02-06,16
2009-02-07,16
2009-02-08,30
2009-02-09,36
2009-02-10,29
2009-02-11,28
2009-02-12,35
2009-02-13,21
2009-02-14,23
2009-02-15,30
2009-02-16,15
2009-02-17,42
2009-02-18,32
2009-02-19,41
2009-02-20,52
2009-02-21,15
2009-02-22,29
2009-02-23,46
2009-02-24,35
2009-02-25,30
2009-02-26,29
2009-02-27,30
2009-02-28,20
2009-03-01,19
2009-03-02,42
2009-03-03,34
2009-03-04,38
2009-03-05,37
2009-03-06,27
2009-03-07,26
2009-03-08,19
2009-03-09,27
2009-03-10,29
2009-03-11,28
2009-03-12,22
2009-03-13,18
2009-03-14,19
2009-03-15,35
2009-03-16,32
2009-03-17,36
2009-03-18,51
2009-03-19,31
2009-03-20,31
2009-03-21,30
2009-03-22,33
2009-03-23,47
2009-03-24,32
2009-03-25,31
2009-03-26,36
2009-03-27,25
2009-03-28,35
2009-03-29,50
2009-03-30,37
2009-03-31,79
2009-04-01,27
2009-04-02,25
2009-04-03,15
2009-04-04,26
2009-04-05,43
2009-04-06,32
2009-04-07,24
2009-04-08,26
2009-04-09,22
2009-04-10,17
2009-04-11,21
2009-04-12,24
2009-04-13,50
2009-04-14,55
2009-04-15,29
2009-04-16,46
2009-04-17,43
2009-04-18,18
2009-04-19,28
2009-04-20,29
2009-04-21,28
2009-04-22,33
2009-04-23,33
2009-04-24,31
2009-04-25,29
2009-04-26,23
2009-04-27,34
2009-04-28,29
2009-04-29,39
2009-04-30,41
2009-05-01,23
2009-05-02,23
2009-05-03,30
2009-05-04,39
2009-05-05,34
2009-05-06,49
2009-05-07,36
2009-05-08,32
2009-05-09,33
2009-05-10,23
2009-05-11,34
2009-05-12,37
2009-05-13,27
2009-05-14,37
2009-05-15,23
2009-05-16,31
2009-05-17,16
2009-05-18,37
2009-05-19,37
2009-05-20,35
2009-05-21,49
2009-05-22,34
2009-05-23,19
2009-05-24,21
2009-05-25,48
2009-05-26,33
2009-05-27,31
2009-05-28,28
2009-05-29,29
2009-05-30,30
2009-05-31,27
2009-06-01,56
2009-06-02,33
2009-06-03,37
2009-06-04,42
2009-06-05,28
2009-06-06,32
2009-06-07,38
2009-06-08,45
2009-06-09,38
2009-06-10,35
2009-06-11,42
2009-06-12,36
2009-06-13,37
2009-06-14,24
2009-06-15,42
2009-06-16,35
2009-06-17,44
2009-06-18,42
2009-06-19,44
2009-06-20,16
2009-06-21,30
2009-06-22,35
2009-06-23,68
2009-06-24,41
2009-06-25,47
2009-06-26,27
2009-06-27,24
2009-06-28,32
2009-06-29,34
2009-06-30,55
2009-07-01,23
2009-07-02,21
2009-07-03,36
2009-07-04,33
2009-07-05,25
2009-07-06,43
2009-07-07,42
2009-07-08,42
2009-07-09,34
2009-07-10,24
2009-07-11,29
2009-07-12,34
2009-07-13,23
2009-07-14,28
2009-07-15,45
2009-07-16,29
2009-07-17,30
2009-07-18,22
2009-07-19,31
2009-07-20,44
2009-07-21,45
2009-07-22,41
2009-07-23,26
2009-07-24,46
2009-07-25,31
2009-07-26,33
2009-07-27,39
2009-07-28,46
2009-07-29,35
2009-07-30,33
2009-07-31,30
2009-08-01,39
2009-08-02,35
2009-08-03,30
2009-08-04,49
2009-08-05,45
2009-08-06,45
2009-08-07,26
2009-08-08,42
2009-08-09,37
2009-08-10,41
2009-08-11,35
2009-08-12,41
2009-08-13,54
2009-08-14,36
2009-08-15,21
2009-08-16,13
2009-08-17,37
2009-08-18,52
2009-08-19,61
2009-08-20,51
2009-08-21,36
2009-08-22,29
2009-08-23,28
2009-08-24,53
2009-08-25,61
2009-08-26,53
2009-08-27,22
2009-08-28,29
2009-08-29,24
2009-08-30,59
2009-08-31,43
2009-09-01,44
2009-09-02,44
2009-09-03,53
2009-09-04,35
2009-09-05,26
2009-09-06,21
2009-09-07,31
2009-09-08,55
2009-09-09,24
2009-09-10,67
2009-09-11,25
2009-09-12,38
2009-09-13,34
2009-09-14,32
2009-09-15,78
2009-09-16,77
2009-09-17,39
2009-09-18,33
2009-09-19,25
2009-09-20,29
2009-09-21,65
2009-09-22,54
2009-09-23,55
2009-09-24,48
2009-09-25,58
2009-09-26,35
2009-09-27,60
2009-09-28,51
2009-09-29,82
2009-09-30,120
2009-10-01,158
2009-10-02,89
2009-10-03,77
2009-10-04,87
2009-10-05,113
2009-10-06,140
2009-10-07,150
2009-10-08,150
2009-10-09,108
2009-10-10,124
2009-10-11,138
2009-10-12,131
2009-10-13,134
2009-10-14,126
2009-10-15,139
2009-10-16,130
2009-10-17,87
2009-10-18,127
2009-10-19,100
2009-10-20,131
2009-10-21,107
2009-10-22,109
2009-10-23,98
2009-10-24,77
2009-10-25,86
2009-10-26,144
2009-10-27,182
2009-10-28,201
2009-10-29,163
2009-10-30,118
2009-10-31,102
2009-11-01,98
2009-11-02,166
2009-11-03,168
2009-11-04,181
2009-11-05,159
2009-11-06,156
2009-11-07,112
2009-11-08,124
2009-11-09,143
2009-11-10,150
2009-11-11,125
2009-11-12,131
2009-11-13,130
2009-11-14,99
2009-11-15,134
2009-11-16,143
2009-11-17,181
2009-11-18,179
2009-11-19,160
2009-11-20,109
2009-11-21,112
2009-11-22,91
2009-11-23,189
2009-11-24,152
2009-11-25,132
2009-11-26,82
2009-11-27,94
2009-11-28,85
2009-11-29,79
2009-11-30,182
2009-12-01,152
2009-12-02,128
2009-12-03,169
2009-12-04,132
2009-12-05,85
2009-12-06,107
2009-12-07,151
2009-12-08,126
2009-12-09,109
2009-12-10,162
2009-12-11,143
2009-12-12,81
2009-12-13,105
2009-12-14,148
2009-12-15,154
2009-12-16,127
2009-12-17,121
2009-12-18,106
2009-12-19,84
2009-12-20,81
2009-12-21,130
2009-12-22,131
2009-12-23,107
2009-12-24,82
2009-12-25,72
2009-12-26,74
2009-12-27,94
2009-12-28,108
2009-12-29,125
2009-12-30,125
2009-12-31,84
2010-01-01,93
2010-01-02,129
2010-01-03,87
2010-01-04,133
2010-01-05,167
2010-01-06,180
2010-01-07,117
2010-01-08,118
2010-01-09,121
2010-01-10,167
2010-01-11,164
2010-01-12,160
2010-01-13,184
2010-01-14,171
2010-01-15,146
2010-01-16,110
2010-01-17,116
2010-01-18,150
2010-01-19,156
2010-01-20,149
2010-01-21,133
2010-01-22,148
2010-01-23,117
2010-01-24,133
2010-01-25,164
2010-01-26,153
2010-01-27,128
2010-01-28,128
2010-01-29,118
2010-01-30,113
2010-01-31,101
2010-02-01,151
2010-02-02,185
2010-02-03,167
2010-02-04,186
2010-02-05,126
2010-02-06,143
2010-02-07,121
2010-02-08,144
2010-02-09,138
2010-02-10,177
2010-02-11,130
2010-02-12,140
2010-02-13,106
2010-02-14,126
2010-02-15,165
2010-02-16,143
2010-02-17,177
2010-02-18,173
2010-02-19,164
2010-02-20,134
2010-02-21,102
2010-02-22,162
2010-02-23,186
2010-02-24,155
2010-02-25,216
2010-02-26,133
2010-02-27,96
2010-02-28,144
2010-03-01,191
2010-03-02,182
2010-03-03,178
2010-03-04,145
2010-03-05,129
2010-03-06,105
2010-03-07,160
2010-03-08,192
2010-03-09,165
2010-03-10,179
2010-03-11,169
2010-03-12,125
2010-03-13,90
2010-03-14,128
2010-03-15,184
2010-03-16,139
2010-03-17,181
2010-03-18,130
2010-03-19,102
2010-03-20,90
2010-03-21,135
2010-03-22,182
2010-03-23,174
2010-03-24,120
2010-03-25,142
2010-03-26,112
2010-03-27,104
2010-03-28,102
2010-03-29,177
2010-03-30,189
2010-03-31,138
2010-04-01,160
2010-04-02,121
2010-04-03,84
2010-04-04,102
2010-04-05,180
2010-04-06,158
2010-04-07,175
2010-04-08,166
2010-04-09,105
2010-04-10,104
2010-04-11,97
2010-04-12,158
2010-04-13,180
2010-04-14,132
2010-04-15,175
2010-04-16,124
2010-04-17,106
2010-04-18,102
2010-04-19,164
2010-04-20,161
2010-04-21,187
2010-04-22,174
2010-04-23,103
2010-04-24,102
2010-04-25,121
2010-04-26,178
2010-04-27,185
2010-04-28,185
2010-04-29,146
2010-04-30,121
2010-05-01,108
2010-05-02,120
2010-05-03,145
2010-05-04,149
2010-05-05,141
2010-05-06,150
2010-05-07,119
2010-05-08,85
2010-05-09,90
2010-05-10,165
2010-05-11,135
2010-05-12,121
2010-05-13,125
2010-05-14,98
2010-05-15,80
2010-05-16,88
2010-05-17,166
2010-05-18,179
2010-05-19,214
2010-05-20,122
2010-05-21,103
2010-05-22,98
2010-05-23,100
2010-05-24,165
2010-05-25,159
2010-05-26,146
2010-05-27,210
2010-05-28,99
2010-05-29,97
2010-05-30,105
2010-05-31,116
2010-06-01,150
2010-06-02,158
2010-06-03,131
2010-06-04,112
2010-06-05,71
2010-06-06,128
2010-06-07,202
2010-06-08,222
2010-06-09,146
2010-06-10,171
2010-06-11,135
2010-06-12,117
2010-06-13,133
2010-06-14,170
2010-06-15,135
2010-06-16,138
2010-06-17,140
2010-06-18,108
2010-06-19,99
2010-06-20,100
2010-06-21,175
2010-06-22,159
2010-06-23,157
2010-06-24,133
2010-06-25,92
2010-06-26,51
2010-06-27,132
2010-06-28,150
2010-06-29,168
2010-06-30,149
2010-07-01,127
2010-07-02,122
2010-07-03,74
2010-07-04,105
2010-07-05,132
2010-07-06,189
2010-07-07,163
2010-07-08,159
2010-07-09,128
2010-07-10,118
2010-07-11,121
2010-07-12,163
2010-07-13,157
2010-07-14,185
2010-07-15,188
2010-07-16,138
2010-07-17,87
2010-07-18,139
2010-07-19,161
2010-07-20,217
2010-07-21,184
2010-07-22,166
2010-07-23,137
2010-07-24,92
2010-07-25,129
2010-07-26,181
2010-07-27,147
2010-07-28,194
2010-07-29,197
2010-07-30,125
2010-07-31,68
2010-08-01,124
2010-08-02,158
2010-08-03,163
2010-08-04,119
2010-08-05,140
2010-08-06,130
2010-08-07,91
2010-08-08,153
2010-08-09,169
2010-08-10,192
2010-08-11,203
2010-08-12,173
2010-08-13,111
2010-08-14,104
2010-08-15,142
2010-08-16,193
2010-08-17,231
2010-08-18,181
2010-08-19,183
2010-08-20,126
2010-08-21,116
2010-08-22,157
2010-08-23,199
2010-08-24,182
2010-08-25,181
2010-08-26,146
2010-08-27,146
2010-08-28,121
2010-08-29,192
2010-08-30,179
2010-08-31,214
2010-09-01,211
2010-09-02,214
2010-09-03,160
2010-09-04,102
2010-09-05,145
2010-09-06,116
2010-09-07,262
2010-09-08,186
2010-09-09,188
2010-09-10,128
2010-09-11,96
2010-09-12,143
2010-09-13,185
2010-09-14,193
2010-09-15,178
2010-09-16,161
2010-09-17,115
2010-09-18,84
2010-09-19,131
2010-09-20,195
2010-09-21,166
2010-09-22,205
2010-09-23,172
2010-09-24,155
2010-09-25,112
2010-09-26,109
2010-09-27,218
2010-09-28,150
2010-09-29,183
2010-09-30,170
2010-10-01,126
2010-10-02,106
2010-10-03,151
2010-10-04,181
2010-10-05,191
2010-10-06,185
2010-10-07,203
2010-10-08,155
2010-10-09,119
2010-10-10,149
2010-10-11,215
2010-10-12,186
2010-10-13,202
2010-10-14,218
2010-10-15,122
2010-10-16,145
2010-10-17,162
2010-10-18,192
2010-10-19,216
2010-10-20,223
2010-10-21,188
2010-10-22,165
2010-10-23,141
2010-10-24,139
2010-10-25,194
2010-10-26,217
2010-10-27,217
2010-10-28,225
2010-10-29,161
2010-10-30,140
2010-10-31,125
2010-11-01,237
2010-11-02,205
2010-11-03,198
2010-11-04,202
2010-11-05,174
2010-11-06,113
2010-11-07,212
2010-11-08,223
2010-11-09,207
2010-11-10,151
2010-11-11,10
